Word,Clickbait,Non-clickbait,Clickbait probability,Non-Clickbait probability,Clickbait normal probability,Non-clickbait normal probability
"should",14,0,1.000,0.000,0.967,0.033
"i",5,0,1.000,0.000,0.917,0.083
"get",10,1,0.909,0.091,0.875,0.125
"bings",1,0,1.000,0.000,0.750,0.250
"which",15,0,1.000,0.000,0.969,0.031
"tv",1,0,1.000,0.000,0.750,0.250
"female",1,0,1.000,0.000,0.750,0.250
"friend",3,0,1.000,0.000,0.875,0.125
"group",1,5,0.167,0.833,0.214,0.786
"do",17,0,1.000,0.000,0.972,0.028
"you",78,1,0.987,0.013,0.981,0.019
"belong",2,0,1.000,0.000,0.833,0.167
"in",36,68,0.346,0.654,0.348,0.652
"the",80,23,0.777,0.223,0.774,0.226
"new",11,21,0.344,0.656,0.348,0.652
"star",4,1,0.800,0.200,0.750,0.250
"wars:",1,0,1.000,0.000,0.750,0.250
"force",1,1,0.500,0.500,0.500,0.500
"awakens",1,0,1.000,0.000,0.750,0.250
"trailer",3,0,1.000,0.000,0.875,0.125
"is",27,11,0.711,0.289,0.705,0.295
"here",3,0,1.000,0.000,0.875,0.125
"to",64,64,0.500,0.500,0.500,0.500
"give",4,0,1.000,0.000,0.900,0.100
"chills",1,0,1.000,0.000,0.750,0.250
"this",23,2,0.920,0.080,0.904,0.096
"vine",2,0,1.000,0.000,0.833,0.167
"of",43,39,0.524,0.476,0.524,0.476
"york",2,3,0.400,0.600,0.417,0.583
"on",23,16,0.590,0.410,0.588,0.412
"celebrity",3,0,1.000,0.000,0.875,0.125
"big",2,1,0.667,0.333,0.625,0.375
"brother",1,0,1.000,0.000,0.750,0.250
"fucking",1,0,1.000,0.000,0.750,0.250
"perfect",3,0,1.000,0.000,0.875,0.125
"a",45,19,0.703,0.297,0.700,0.300
"couple",1,1,0.500,0.500,0.500,0.500
"did",2,0,1.000,0.000,0.833,0.167
"stunning",1,0,1.000,0.000,0.750,0.250
"photo",2,0,1.000,0.000,0.833,0.167
"shoot",1,1,0.500,0.500,0.500,0.500
"with",17,9,0.654,0.346,0.648,0.352
"their",11,3,0.786,0.214,0.767,0.233
"baby",1,0,1.000,0.000,0.750,0.250
"after",4,10,0.286,0.714,0.300,0.700
"learning",1,0,1.000,0.000,0.750,0.250
"she",2,0,1.000,0.000,0.833,0.167
"had",5,0,1.000,0.000,0.917,0.083
"an",10,3,0.769,0.231,0.750,0.250
"inoperable",1,0,1.000,0.000,0.750,0.250
"brain",3,0,1.000,0.000,0.875,0.125
"tumor",1,0,1.000,0.000,0.750,0.250
"how",22,2,0.917,0.083,0.900,0.100
"flirt",1,0,1.000,0.000,0.750,0.250
"queer",1,0,1.000,0.000,0.750,0.250
"girls",1,0,1.000,0.000,0.750,0.250
"without",1,0,1.000,0.000,0.750,0.250
"making",2,0,1.000,0.000,0.833,0.167
"total",1,1,0.500,0.500,0.500,0.500
"fool",1,0,1.000,0.000,0.750,0.250
"yourself",1,0,1.000,0.000,0.750,0.250
"32",1,0,1.000,0.000,0.750,0.250
"cute",3,0,1.000,0.000,0.875,0.125
"things",12,0,1.000,0.000,0.962,0.038
"distract",1,0,1.000,0.000,0.750,0.250
"from",14,6,0.700,0.300,0.690,0.310
"your",30,0,1.000,0.000,0.984,0.016
"awkward",2,0,1.000,0.000,0.833,0.167
"thanksgiving",3,0,1.000,0.000,0.875,0.125
"if",9,0,1.000,0.000,0.950,0.050
"disney",3,0,1.000,0.000,0.875,0.125
"princesses",1,0,1.000,0.000,0.750,0.250
"were",9,0,1.000,0.000,0.950,0.050
"florida",1,0,1.000,0.000,0.750,0.250
"what's",2,0,1.000,0.000,0.833,0.167
"quote",1,0,1.000,0.000,0.750,0.250
"or",11,2,0.846,0.154,0.821,0.179
"lyric",1,0,1.000,0.000,0.750,0.250
"that",27,2,0.931,0.069,0.917,0.083
"best",6,0,1.000,0.000,0.929,0.071
"describes",1,0,1.000,0.000,0.750,0.250
"depression",2,0,1.000,0.000,0.833,0.167
"natalie",1,0,1.000,0.000,0.750,0.250
"dormer",1,0,1.000,0.000,0.750,0.250
"and",29,20,0.592,0.408,0.590,0.410
"sam",1,0,1.000,0.000,0.750,0.250
"claflin",1,0,1.000,0.000,0.750,0.250
"play",2,0,1.000,0.000,0.833,0.167
"game",5,3,0.625,0.375,0.611,0.389
"see",5,0,1.000,0.000,0.917,0.083
"they'd",1,0,1.000,0.000,0.750,0.250
"actually",9,0,1.000,0.000,0.950,0.050
"last",6,0,1.000,0.000,0.929,0.071
"hunger",2,0,1.000,0.000,0.833,0.167
"games",2,1,0.667,0.333,0.625,0.375
"16",4,0,1.000,0.000,0.900,0.100
"responses",1,0,1.000,0.000,0.750,0.250
"indian",1,2,0.333,0.667,0.375,0.625
"patriarchy",1,0,1.000,0.000,0.750,0.250
"21",9,0,1.000,0.000,0.950,0.050
"times",11,3,0.786,0.214,0.767,0.233
"died",1,1,0.500,0.500,0.500,0.500
"during",5,2,0.714,0.286,0.688,0.312
"captain",1,0,1.000,0.000,0.750,0.250
"america:",1,0,1.000,0.000,0.750,0.250
"civil",1,1,0.500,0.500,0.500,0.500
"war",2,7,0.222,0.778,0.250,0.750
"teaser",1,0,1.000,0.000,0.750,0.250
"17",14,1,0.933,0.067,0.906,0.094
"kourtney",1,0,1.000,0.000,0.750,0.250
"kardashian",2,0,1.000,0.000,0.833,0.167
"shut",1,1,0.500,0.500,0.500,0.500
"down",1,4,0.200,0.800,0.250,0.750
"her",6,0,1.000,0.000,0.929,0.071
"own",2,1,0.667,0.333,0.625,0.375
"family",4,2,0.667,0.333,0.643,0.357
"does",1,2,0.333,0.667,0.375,0.625
"coffee",1,0,1.000,0.000,0.750,0.250
"make",11,0,1.000,0.000,0.958,0.042
"poop",1,0,1.000,0.000,0.750,0.250
"who",15,1,0.938,0.062,0.912,0.088
"ex",1,0,1.000,0.000,0.750,0.250
"based",10,0,1.000,0.000,0.955,0.045
"zodiac",7,0,1.000,0.000,0.938,0.062
"hairdresser",1,0,1.000,0.000,0.750,0.250
"struggles",4,0,1.000,0.000,0.900,0.100
"every",12,0,1.000,0.000,0.962,0.038
"black",4,0,1.000,0.000,0.900,0.100
"girl",3,1,0.750,0.250,0.700,0.300
"knows",1,0,1.000,0.000,0.750,0.250
"be",10,4,0.714,0.286,0.700,0.300
"true",2,0,1.000,0.000,0.833,0.167
"are",38,2,0.950,0.050,0.939,0.061
"more",7,5,0.583,0.417,0.577,0.423
"walter",1,0,1.000,0.000,0.750,0.250
"white",2,2,0.500,0.500,0.500,0.500
"heisenberg",1,0,1.000,0.000,0.750,0.250
"most",9,0,1.000,0.000,0.950,0.050
"canadian",2,2,0.500,0.500,0.500,0.500
"groom",1,0,1.000,0.000,0.750,0.250
"ever",4,0,1.000,0.000,0.900,0.100
"left",1,0,1.000,0.000,0.750,0.250
"his",11,0,1.000,0.000,0.958,0.042
"wedding",3,0,1.000,0.000,0.875,0.125
"plow",1,0,1.000,0.000,0.750,0.250
"out",5,4,0.556,0.444,0.550,0.450
"guests",1,0,1.000,0.000,0.750,0.250
"snow",1,0,1.000,0.000,0.750,0.250
"storm",1,1,0.500,0.500,0.500,0.500
"here's",12,0,1.000,0.000,0.962,0.038
"one",5,6,0.455,0.545,0.458,0.542
"really",4,0,1.000,0.000,0.900,0.100
"weird",3,0,1.000,0.000,0.875,0.125
"thing",4,0,1.000,0.000,0.900,0.100
"about",15,2,0.882,0.118,0.861,0.139
"butterfree",1,0,1.000,0.000,0.750,0.250
"15",8,0,1.000,0.000,0.944,0.056
"resolutions",1,0,1.000,0.000,0.750,0.250
"good",3,0,1.000,0.000,0.875,0.125
"2016",5,0,1.000,0.000,0.917,0.083
"what",20,1,0.952,0.048,0.932,0.068
"try",5,0,1.000,0.000,0.917,0.083
"zoo",1,0,1.000,0.000,0.750,0.250
"animals",1,0,1.000,0.000,0.750,0.250
"around",1,2,0.333,0.667,0.375,0.625
"world",4,1,0.800,0.200,0.750,0.250
"opening",1,1,0.500,0.500,0.500,0.500
"christmas",5,0,1.000,0.000,0.917,0.083
"presents",1,0,1.000,0.000,0.750,0.250
"early",1,1,0.500,0.500,0.500,0.500
"tell",2,0,1.000,0.000,0.833,0.167
"us",3,12,0.200,0.800,0.219,0.781
"yourself(ie):",1,0,1.000,0.000,0.750,0.250
"erica",1,0,1.000,0.000,0.750,0.250
"ash",1,0,1.000,0.000,0.750,0.250
"9",1,0,1.000,0.000,0.750,0.250
"cried",1,0,1.000,0.000,0.750,0.250
"vegetarian",2,0,1.000,0.000,0.833,0.167
"dump",1,0,1.000,0.000,0.750,0.250
"dinners",2,0,1.000,0.000,0.833,0.167
"for",21,18,0.538,0.462,0.537,0.463
"crock",1,0,1.000,0.000,0.750,0.250
"pot",1,0,1.000,0.000,0.750,0.250
"goat",1,0,1.000,0.000,0.750,0.250
"has",7,3,0.700,0.300,0.682,0.318
"been",3,0,1.000,0.000,0.875,0.125
"bullying",1,0,1.000,0.000,0.750,0.250
"tiger",1,0,1.000,0.000,0.750,0.250
"8",2,0,1.000,0.000,0.833,0.167
"fall",2,1,0.667,0.333,0.625,0.375
"shows",1,2,0.333,0.667,0.375,0.625
"excited",1,0,1.000,0.000,0.750,0.250
"10",2,2,0.500,0.500,0.500,0.500
"chance",2,0,1.000,0.000,0.833,0.167
"6",3,2,0.600,0.400,0.583,0.417
"avoid",1,0,1.000,0.000,0.750,0.250
"another",1,1,0.500,0.500,0.500,0.500
"round",1,0,1.000,0.000,0.750,0.250
"episode",4,0,1.000,0.000,0.900,0.100
"25:",1,0,1.000,0.000,0.750,0.250
"stop",2,0,1.000,0.000,0.833,0.167
"telling",1,0,1.000,0.000,0.750,0.250
"women",4,1,0.800,0.200,0.750,0.250
"smile",1,0,1.000,0.000,0.750,0.250
"signs",2,0,1.000,0.000,0.833,0.167
"too",8,0,1.000,0.000,0.944,0.056
"stubborn",1,0,1.000,0.000,0.750,0.250
"live",2,1,0.667,0.333,0.625,0.375
"country",2,0,1.000,0.000,0.833,0.167
"singer",1,2,0.333,0.667,0.375,0.625
"makes",2,2,0.500,0.500,0.500,0.500
"music",4,3,0.571,0.429,0.562,0.438
"boy",1,1,0.500,0.500,0.500,0.500
"spare",1,0,1.000,0.000,0.750,0.250
"time",6,2,0.750,0.250,0.722,0.278
"when",8,1,0.889,0.111,0.850,0.150
"realize",1,0,1.000,0.000,0.750,0.250
"guy",3,0,1.000,0.000,0.875,0.125
"taken",1,0,1.000,0.000,0.750,0.250
"awesome",2,0,1.000,0.000,0.833,0.167
"look",2,0,1.000,0.000,0.833,0.167
"at",7,23,0.233,0.767,0.242,0.758
"behind-the-scenes",1,0,1.000,0.000,0.750,0.250
"concept",1,0,1.000,0.000,0.750,0.250
"art",1,0,1.000,0.000,0.750,0.250
"aladdin",2,0,1.000,0.000,0.833,0.167
"sarah",1,0,1.000,0.000,0.750,0.250
"jessica",1,0,1.000,0.000,0.750,0.250
"parker",1,0,1.000,0.000,0.750,0.250
"talks",1,0,1.000,0.000,0.750,0.250
"being",3,0,1.000,0.000,0.875,0.125
"carrie",1,0,1.000,0.000,0.750,0.250
"hocus",1,0,1.000,0.000,0.750,0.250
"pocus",1,0,1.000,0.000,0.750,0.250
"love",4,0,1.000,0.000,0.900,0.100
"type",1,0,1.000,0.000,0.750,0.250
"swearer",1,0,1.000,0.000,0.750,0.250
"dad",3,0,1.000,0.000,0.875,0.125
"recorded",1,0,1.000,0.000,0.750,0.250
"all",11,0,1.000,0.000,0.958,0.042
"adorable",2,0,1.000,0.000,0.833,0.167
"questions",4,1,0.800,0.200,0.750,0.250
"son",1,1,0.500,0.500,0.500,0.500
"asked",3,0,1.000,0.000,0.875,0.125
"watching",1,0,1.000,0.000,0.750,0.250
"wars",1,0,1.000,0.000,0.750,0.250
"first",4,1,0.800,0.200,0.750,0.250
"29",2,0,1.000,0.000,0.833,0.167
"impossibly",1,0,1.000,0.000,0.750,0.250
"stylish",1,0,1.000,0.000,0.750,0.250
"cat",2,1,0.667,0.333,0.625,0.375
"gifts",3,0,1.000,0.000,0.875,0.125
"order",1,0,1.000,0.000,0.750,0.250
"awesomeness",1,0,1.000,0.000,0.750,0.250
"13",6,0,1.000,0.000,0.929,0.071
"glorious",2,0,1.000,0.000,0.833,0.167
"made-up",1,0,1.000,0.000,0.750,0.250
"words",4,0,1.000,0.000,0.900,0.100
"literature",2,0,1.000,0.000,0.833,0.167
"we",14,0,1.000,0.000,0.967,0.033
"pranked",1,0,1.000,0.000,0.750,0.250
"bunch",2,0,1.000,0.000,0.833,0.167
"people",13,1,0.929,0.071,0.900,0.100
"by",3,9,0.250,0.750,0.269,0.731
"dropping",1,1,0.500,0.500,0.500,0.500
"iphone",1,0,1.000,0.000,0.750,0.250
"front",2,0,1.000,0.000,0.833,0.167
"them",2,0,1.000,0.000,0.833,0.167
"23",5,0,1.000,0.000,0.917,0.083
"flaws",1,0,1.000,0.000,0.750,0.250
"sneakerhead",1,0,1.000,0.000,0.750,0.250
"know",13,1,0.929,0.071,0.900,0.100
"sign",6,0,1.000,0.000,0.929,0.071
"choose",1,0,1.000,0.000,0.750,0.250
"grimes",1,0,1.000,0.000,0.750,0.250
"album",2,1,0.667,0.333,0.625,0.375
"heartbreaking",1,0,1.000,0.000,0.750,0.250
"inspiration",1,0,1.000,0.000,0.750,0.250
"behind",1,1,0.500,0.500,0.500,0.500
"oblivion",1,0,1.000,0.000,0.750,0.250
"instagram",2,0,1.000,0.000,0.833,0.167
"account",2,0,1.000,0.000,0.833,0.167
"recreating",1,0,1.000,0.000,0.750,0.250
"2015's",1,0,1.000,0.000,0.750,0.250
"greatest",1,0,1.000,0.000,0.750,0.250
"hits",2,4,0.333,0.667,0.357,0.643
"barbies",1,0,1.000,0.000,0.750,0.250
"22",3,0,1.000,0.000,0.875,0.125
"adele",3,0,1.000,0.000,0.875,0.125
"memes",5,0,1.000,0.000,0.917,0.083
"pictures",4,0,1.000,0.000,0.900,0.100
"hot",2,0,1.000,0.000,0.833,0.167
"will",18,0,1.000,0.000,0.974,0.026
"never",4,0,1.000,0.000,0.900,0.100
"understand",5,0,1.000,0.000,0.917,0.083
"badly",1,0,1.000,0.000,0.750,0.250
"taking",1,0,1.000,0.000,0.750,0.250
"direction",2,0,1.000,0.000,0.833,0.167
"hiatus",1,0,1.000,0.000,0.750,0.250
"want",2,0,1.000,0.000,0.833,0.167
"guys",3,0,1.000,0.000,0.875,0.125
"pinterest",1,0,1.000,0.000,0.750,0.250
"leaf",1,0,1.000,0.000,0.750,0.250
"hacks",2,0,1.000,0.000,0.833,0.167
"tips",1,0,1.000,0.000,0.750,0.250
"hiking",1,0,1.000,0.000,0.750,0.250
"kids",6,0,1.000,0.000,0.929,0.071
"parent",1,0,1.000,0.000,0.750,0.250
"scariest",1,0,1.000,0.000,0.750,0.250
"halloween",5,0,1.000,0.000,0.917,0.083
"candy",2,0,1.000,0.000,0.833,0.167
"taste",1,0,1.000,0.000,0.750,0.250
"test",3,0,1.000,0.000,0.875,0.125
"dog",3,0,1.000,0.000,0.875,0.125
"begging",1,0,1.000,0.000,0.750,0.250
"human's",1,0,1.000,0.000,0.750,0.250
"forgiveness",1,0,1.000,0.000,0.750,0.250
"cutest",2,0,1.000,0.000,0.833,0.167
"you'll",6,0,1.000,0.000,0.929,0.071
"today",2,0,1.000,0.000,0.833,0.167
"100",1,2,0.333,0.667,0.375,0.625
"years",2,2,0.500,0.500,0.500,0.500
"bollywood",1,1,0.500,0.500,0.500,0.500
"cinema",2,0,1.000,0.000,0.833,0.167
"under",1,1,0.500,0.500,0.500,0.500
"four",3,1,0.750,0.250,0.700,0.300
"minutes",1,0,1.000,0.000,0.750,0.250
"ed",1,0,1.000,0.000,0.750,0.250
"westwick",1,0,1.000,0.000,0.750,0.250
"showed",1,0,1.000,0.000,0.750,0.250
"up",9,5,0.643,0.357,0.633,0.367
"emmys",1,0,1.000,0.000,0.750,0.250
"party",2,1,0.667,0.333,0.625,0.375
"looking",3,0,1.000,0.000,0.875,0.125
"like",8,1,0.889,0.111,0.850,0.150
"chuck",1,0,1.000,0.000,0.750,0.250
"bass",1,0,1.000,0.000,0.750,0.250
"dreams",1,0,1.000,0.000,0.750,0.250
"favorite",2,0,1.000,0.000,0.833,0.167
"activity",1,0,1.000,0.000,0.750,0.250
"visiting",1,1,0.500,0.500,0.500,0.500
"take",3,2,0.600,0.400,0.583,0.417
"color",4,0,1.000,0.000,0.900,0.100
"far",3,0,1.000,0.000,0.875,0.125
"you'd",1,0,1.000,0.000,0.750,0.250
"go",6,1,0.857,0.143,0.812,0.188
"brave",1,0,1.000,0.000,0.750,0.250
"enough",1,0,1.000,0.000,0.750,0.250
"date",2,0,1.000,0.000,0.833,0.167
"werewolf",1,0,1.000,0.000,0.750,0.250
"18",4,1,0.800,0.200,0.750,0.250
"everyone",3,0,1.000,0.000,0.875,0.125
"hates",1,0,1.000,0.000,0.750,0.250
"pda",1,0,1.000,0.000,0.750,0.250
"27",3,0,1.000,0.000,0.875,0.125
"always",1,0,1.000,0.000,0.750,0.250
"happen",2,0,1.000,0.000,0.833,0.167
"office",1,0,1.000,0.000,0.750,0.250
"many",2,0,1.000,0.000,0.833,0.167
"these",11,0,1.000,0.000,0.958,0.042
"spongebob",1,0,1.000,0.000,0.750,0.250
"faces",1,2,0.333,0.667,0.375,0.625
"recognize",3,0,1.000,0.000,0.875,0.125
"golden",1,0,1.000,0.000,0.750,0.250
"globe",1,0,1.000,0.000,0.750,0.250
"reaction",1,0,1.000,0.000,0.750,0.250
"face",1,0,1.000,0.000,0.750,0.250
"25",6,0,1.000,0.000,0.929,0.071
"reasons",3,1,0.750,0.250,0.700,0.300
"trip",1,0,1.000,0.000,0.750,0.250
"costa",1,0,1.000,0.000,0.750,0.250
"rica",1,0,1.000,0.000,0.750,0.250
"could",1,2,0.333,0.667,0.375,0.625
"change",1,0,1.000,0.000,0.750,0.250
"life",5,1,0.833,0.167,0.786,0.214
"literally",3,0,1.000,0.000,0.875,0.125
"just",5,2,0.714,0.286,0.688,0.312
"46",1,0,1.000,0.000,0.750,0.250
"photos",3,0,1.000,0.000,0.875,0.125
"scotland",2,1,0.667,0.333,0.625,0.375
"sexy",2,0,1.000,0.000,0.833,0.167
"as",4,5,0.444,0.556,0.450,0.550
"hell",1,0,1.000,0.000,0.750,0.250
"58",1,0,1.000,0.000,0.750,0.250
"mildly",1,0,1.000,0.000,0.750,0.250
"annoy",1,0,1.000,0.000,0.750,0.250
"anyone",3,0,1.000,0.000,0.875,0.125
"lives",1,0,1.000,0.000,0.750,0.250
"someone",5,0,1.000,0.000,0.917,0.083
"messy",1,0,1.000,0.000,0.750,0.250
"places",2,0,1.000,0.000,0.833,0.167
"lovers",1,0,1.000,0.000,0.750,0.250
"london",2,3,0.400,0.600,0.417,0.583
"lyrics",4,0,1.000,0.000,0.900,0.100
"hotline",1,0,1.000,0.000,0.750,0.250
"bling",1,0,1.000,0.000,0.750,0.250
"drake",2,0,1.000,0.000,0.833,0.167
"weasley",1,0,1.000,0.000,0.750,0.250
"books",2,0,1.000,0.000,0.833,0.167
"90s",1,0,1.000,0.000,0.750,0.250
"kid",1,0,1.000,0.000,0.750,0.250
"immediately",1,0,1.000,0.000,0.750,0.250
"organisation",1,0,1.000,0.000,0.750,0.250
"trying",1,0,1.000,0.000,0.750,0.250
"launch",1,1,0.500,0.500,0.500,0.500
"india's",1,0,1.000,0.000,0.750,0.250
"transgender",1,1,0.500,0.500,0.500,0.500
"model",2,1,0.667,0.333,0.625,0.375
"agency",1,0,1.000,0.000,0.750,0.250
"request",1,0,1.000,0.000,0.750,0.250
"timeout",1,0,1.000,0.000,0.750,0.250
"issa",1,0,1.000,0.000,0.750,0.250
"rae's",1,0,1.000,0.000,0.750,0.250
"insecure",1,0,1.000,0.000,0.750,0.250
"coming",1,0,1.000,0.000,0.750,0.250
"hbo",1,0,1.000,0.000,0.750,0.250
"long",1,0,1.000,0.000,0.750,0.250
"well",6,0,1.000,0.000,0.929,0.071
"pretty",3,0,1.000,0.000,0.875,0.125
"little",2,0,1.000,0.000,0.833,0.167
"liars",1,0,1.000,0.000,0.750,0.250
"you've",2,0,1.000,0.000,0.833,0.167
"using",1,0,1.000,0.000,0.750,0.250
"rice",1,0,1.000,0.000,0.750,0.250
"cooker",2,0,1.000,0.000,0.833,0.167
"wrong",1,0,1.000,0.000,0.750,0.250
"entire",1,0,1.000,0.000,0.750,0.250
"no",2,0,1.000,0.000,0.833,0.167
"actors",1,0,1.000,0.000,0.750,0.250
"nominated",1,0,1.000,0.000,0.750,0.250
"oscar",3,0,1.000,0.000,0.875,0.125
"year",2,1,0.667,0.333,0.625,0.375
"pissed",1,0,1.000,0.000,0.750,0.250
"totally",2,0,1.000,0.000,0.833,0.167
"nailed",1,0,1.000,0.000,0.750,0.250
"modern",1,0,1.000,0.000,0.750,0.250
"day",1,1,0.500,0.500,0.500,0.500
"would",5,0,1.000,0.000,0.917,0.083
"easy",3,0,1.000,0.000,0.875,0.125
"delicious",5,0,1.000,0.000,0.917,0.083
"one-pan",1,0,1.000,0.000,0.750,0.250
"breakfasts",1,0,1.000,0.000,0.750,0.250
"tried",2,0,1.000,0.000,0.833,0.167
"magic",1,0,1.000,0.000,0.750,0.250
"wands",1,0,1.000,0.000,0.750,0.250
"happened",1,0,1.000,0.000,0.750,0.250
"charli",1,0,1.000,0.000,0.750,0.250
"xcx",1,0,1.000,0.000,0.750,0.250
"looked",3,0,1.000,0.000,0.875,0.125
"space",2,2,0.500,0.500,0.500,0.500
"dominatrix",1,0,1.000,0.000,0.750,0.250
"mtv",1,0,1.000,0.000,0.750,0.250
"emas",1,0,1.000,0.000,0.750,0.250
"avengers",1,0,1.000,0.000,0.750,0.250
"they",5,0,1.000,0.000,0.917,0.083
"originally",1,0,1.000,0.000,0.750,0.250
"comics",1,0,1.000,0.000,0.750,0.250
"urinals",1,0,1.000,0.000,0.750,0.250
"worst",2,0,1.000,0.000,0.833,0.167
"human",1,2,0.333,0.667,0.375,0.625
"invention",1,0,1.000,0.000,0.750,0.250
"free",3,1,0.750,0.250,0.700,0.300
"car",1,1,0.500,0.500,0.500,0.500
"oprah",1,0,1.000,0.000,0.750,0.250
"tub",1,0,1.000,0.000,0.750,0.250
"vaseline",1,0,1.000,0.000,0.750,0.250
"tyra",1,0,1.000,0.000,0.750,0.250
"28",1,0,1.000,0.000,0.750,0.250
"crimes",1,2,0.333,0.667,0.375,0.625
"committed",1,0,1.000,0.000,0.750,0.250
"19",5,0,1.000,0.000,0.917,0.083
"beautiful",2,0,1.000,0.000,0.833,0.167
"feels",1,0,1.000,0.000,0.750,0.250
"rid",1,0,1.000,0.000,0.750,0.250
"acne",1,0,1.000,0.000,0.750,0.250
"over",1,9,0.100,0.900,0.136,0.864
"body",1,1,0.500,0.500,0.500,0.500
"24-year-old",1,0,1.000,0.000,0.750,0.250
"got",3,0,1.000,0.000,0.875,0.125
"drunk",1,0,1.000,0.000,0.750,0.250
"accidentally",1,0,1.000,0.000,0.750,0.250
"booked",1,0,1.000,0.000,0.750,0.250
"insane",1,0,1.000,0.000,0.750,0.250
"vacation",1,0,1.000,0.000,0.750,0.250
"going",3,1,0.750,0.250,0.700,0.300
"buy",1,0,1.000,0.000,0.750,0.250
"leona",1,0,1.000,0.000,0.750,0.250
"lewis's",1,0,1.000,0.000,0.750,0.250
"exclusive",1,0,1.000,0.000,0.750,0.250
"grindr",1,0,1.000,0.000,0.750,0.250
"24",4,0,1.000,0.000,0.900,0.100
"desserts",2,0,1.000,0.000,0.833,0.167
"aren't",2,0,1.000,0.000,0.833,0.167
"pie",1,0,1.000,0.000,0.750,0.250
"jason",1,1,0.500,0.500,0.500,0.500
"aldean",1,0,1.000,0.000,0.750,0.250
"wore",1,0,1.000,0.000,0.750,0.250
"blackface",1,0,1.000,0.000,0.750,0.250
"dress",1,0,1.000,0.000,0.750,0.250
"lil",1,0,1.000,0.000,0.750,0.250
"wayne",1,0,1.000,0.000,0.750,0.250
"college",2,0,1.000,0.000,0.833,0.167
"sucked",1,0,1.000,0.000,0.750,0.250
"hardest",1,0,1.000,0.000,0.750,0.250
"america's",1,0,1.000,0.000,0.750,0.250
"next",2,1,0.667,0.333,0.625,0.375
"top",1,1,0.500,0.500,0.500,0.500
"quiz",2,0,1.000,0.000,0.833,0.167
"determine",1,0,1.000,0.000,0.750,0.250
"masturbate",1,0,1.000,0.000,0.750,0.250
"42",1,0,1.000,0.000,0.750,0.250
"romantic",1,0,1.000,0.000,0.750,0.250
"lines",1,0,1.000,0.000,0.750,0.250
"ya",1,0,1.000,0.000,0.750,0.250
"reporter",1,2,0.333,0.667,0.375,0.625
"responded",1,0,1.000,0.000,0.750,0.250
"vulgar",1,0,1.000,0.000,0.750,0.250
"comment",1,0,1.000,0.000,0.750,0.250
"mama",1,0,1.000,0.000,0.750,0.250
"joke",1,0,1.000,0.000,0.750,0.250
"smooth",1,0,1.000,0.000,0.750,0.250
"af",4,0,1.000,0.000,0.900,0.100
"bart",1,0,1.000,0.000,0.750,0.250
"lisa",1,0,1.000,0.000,0.750,0.250
"compatible",1,0,1.000,0.000,0.750,0.250
"remember",5,0,1.000,0.000,0.917,0.083
"vampire",1,0,1.000,0.000,0.750,0.250
"diaries",1,0,1.000,0.000,0.750,0.250
"murder",1,3,0.250,0.750,0.300,0.700
"house",1,2,0.333,0.667,0.375,0.625
"sabrina",1,0,1.000,0.000,0.750,0.250
"teenage",1,0,1.000,0.000,0.750,0.250
"witch",1,0,1.000,0.000,0.750,0.250
"12",3,0,1.000,0.000,0.875,0.125
"grew",1,0,1.000,0.000,0.750,0.250
"san",2,1,0.667,0.333,0.625,0.375
"francisco",2,0,1.000,0.000,0.833,0.167
"say",4,0,1.000,0.000,0.900,0.100
"chronic",1,0,1.000,0.000,0.750,0.250
"pain",1,0,1.000,0.000,0.750,0.250
"hear",1,0,1.000,0.000,0.750,0.250
"amazing",4,0,1.000,0.000,0.900,0.100
"bodycon",1,0,1.000,0.000,0.750,0.250
"looks",3,1,0.750,0.250,0.700,0.300
"wanna",1,0,1.000,0.000,0.750,0.250
"rock",1,0,1.000,0.000,0.750,0.250
"there's",1,0,1.000,0.000,0.750,0.250
"beauty",2,0,1.000,0.000,0.833,0.167
"box",1,1,0.500,0.500,0.500,0.500
"catering",1,0,1.000,0.000,0.750,0.250
"taught",3,0,1.000,0.000,0.875,0.125
"grandmas",1,0,1.000,0.000,0.750,0.250
"nae",3,0,1.000,0.000,0.875,0.125
"it",3,0,1.000,0.000,0.875,0.125
"was",3,3,0.500,0.500,0.500,0.500
"products",1,0,1.000,0.000,0.750,0.250
"embracing",1,0,1.000,0.000,0.750,0.250
"inner",1,0,1.000,0.000,0.750,0.250
"kanye",3,0,1.000,0.000,0.875,0.125
"draw",1,1,0.500,0.500,0.500,0.500
"hand",2,0,1.000,0.000,0.833,0.167
"maybe",1,0,1.000,0.000,0.750,0.250
"can",5,0,1.000,0.000,0.917,0.083
"identify",1,0,1.000,0.000,0.750,0.250
"movies",2,0,1.000,0.000,0.833,0.167
"main",1,1,0.500,0.500,0.500,0.500
"character's",1,0,1.000,0.000,0.750,0.250
"bff",1,0,1.000,0.000,0.750,0.250
"tweets",3,0,1.000,0.000,0.875,0.125
"prove",3,0,1.000,0.000,0.875,0.125
"real",5,0,1.000,0.000,0.917,0.083
"dick",1,0,1.000,0.000,0.750,0.250
"sometimes",1,0,1.000,0.000,0.750,0.250
"badass",2,0,1.000,0.000,0.833,0.167
"lady",1,0,1.000,0.000,0.750,0.250
"valentine",1,0,1.000,0.000,0.750,0.250
"question",1,0,1.000,0.000,0.750,0.250
"anna",2,0,1.000,0.000,0.833,0.167
"camp",1,2,0.333,0.667,0.375,0.625
"skylar",1,0,1.000,0.000,0.750,0.250
"astin",1,0,1.000,0.000,0.750,0.250
"engaged",1,1,0.500,0.500,0.500,0.500
"so",3,1,0.750,0.250,0.700,0.300
"everything",3,1,0.750,0.250,0.700,0.300
"finally",1,0,1.000,0.000,0.750,0.250
"right",4,0,1.000,0.000,0.900,0.100
"pretending",1,0,1.000,0.000,0.750,0.250
"faint",1,0,1.000,0.000,0.750,0.250
"dogs",1,0,1.000,0.000,0.750,0.250
"react",1,0,1.000,0.000,0.750,0.250
"smiths",1,0,1.000,0.000,0.750,0.250
"fake",1,0,1.000,0.000,0.750,0.250
"have",7,1,0.875,0.125,0.833,0.167
"esp",1,0,1.000,0.000,0.750,0.250
"biryani",1,0,1.000,0.000,0.750,0.250
"having",1,0,1.000,0.000,0.750,0.250
"braces",1,0,1.000,0.000,0.750,0.250
"way",3,0,1.000,0.000,0.875,0.125
"surprised",1,0,1.000,0.000,0.750,0.250
"military",1,1,0.500,0.500,0.500,0.500
"homecoming",1,0,1.000,0.000,0.750,0.250
"dressing",1,0,1.000,0.000,0.750,0.250
"gift",1,0,1.000,0.000,0.750,0.250
"elf",1,0,1.000,0.000,0.750,0.250
"honest:",1,0,1.000,0.000,0.750,0.250
"hit",1,0,1.000,0.000,0.750,0.250
"private",1,1,0.500,0.500,0.500,0.500
"sessions",1,0,1.000,0.000,0.750,0.250
"posts",1,0,1.000,0.000,0.750,0.250
"coconut",1,0,1.000,0.000,0.750,0.250
"oil",1,0,1.000,0.000,0.750,0.250
"answer",1,0,1.000,0.000,0.750,0.250
"problems",1,0,1.000,0.000,0.750,0.250
"items",1,0,1.000,0.000,0.750,0.250
"loves",1,0,1.000,0.000,0.750,0.250
"burgers",1,0,1.000,0.000,0.750,0.250
"needs",1,0,1.000,0.000,0.750,0.250
"20",2,1,0.667,0.333,0.625,0.375
"confessions",2,0,1.000,0.000,0.833,0.167
"slightly",1,0,1.000,0.000,0.750,0.250
"obsessed",2,0,1.000,0.000,0.833,0.167
"outer",1,0,1.000,0.000,0.750,0.250
"couples",1,0,1.000,0.000,0.750,0.250
"ferrell",1,0,1.000,0.000,0.750,0.250
"santa",1,0,1.000,0.000,0.750,0.250
"mark",1,0,1.000,0.000,0.750,0.250
"ruffalo",1,0,1.000,0.000,0.750,0.250
"posted",1,0,1.000,0.000,0.750,0.250
"shirtless",1,0,1.000,0.000,0.750,0.250
"pic",1,0,1.000,0.000,0.750,0.250
"promoting",1,0,1.000,0.000,0.750,0.250
"breast",1,0,1.000,0.000,0.750,0.250
"cancer",1,0,1.000,0.000,0.750,0.250
"awareness",1,0,1.000,0.000,0.750,0.250
"men",1,0,1.000,0.000,0.750,0.250
"nobody",1,0,1.000,0.000,0.750,0.250
"likes",1,0,1.000,0.000,0.750,0.250
"jobs",1,3,0.250,0.750,0.300,0.700
"pinky",1,0,1.000,0.000,0.750,0.250
"additional",1,0,1.000,0.000,0.750,0.250
"episodes",1,0,1.000,0.000,0.750,0.250
"murderer",1,0,1.000,0.000,0.750,0.250
"made",2,0,1.000,0.000,0.833,0.167
"yet",1,0,1.000,0.000,0.750,0.250
"priyanka",1,0,1.000,0.000,0.750,0.250
"chopra",1,0,1.000,0.000,0.750,0.250
"goddamn",2,0,1.000,0.000,0.833,0.167
"owned",1,0,1.000,0.000,0.750,0.250
"2015",4,0,1.000,0.000,0.900,0.100
"tumblr",1,0,1.000,0.000,0.750,0.250
"four-person",1,0,1.000,0.000,0.750,0.250
"slayed",1,0,1.000,0.000,0.750,0.250
"eyeshadow",1,0,1.000,0.000,0.750,0.250
"probably",2,0,1.000,0.000,0.833,0.167
"shouldn't",1,0,1.000,0.000,0.750,0.250
"illustrated",1,0,1.000,0.000,0.750,0.250
"leslie",1,0,1.000,0.000,0.750,0.250
"knope's",1,0,1.000,0.000,0.750,0.250
"compliments",1,0,1.000,0.000,0.750,0.250
"they're",1,0,1.000,0.000,0.750,0.250
"damn",3,0,1.000,0.000,0.875,0.125
"cool",1,0,1.000,0.000,0.750,0.250
"don't",2,0,1.000,0.000,0.833,0.167
"david",1,1,0.500,0.500,0.500,0.500
"bowie",1,0,1.000,0.000,0.750,0.250
"we're",1,0,1.000,0.000,0.750,0.250
"clear",1,0,1.000,0.000,0.750,0.250
"gay",1,1,0.500,0.500,0.500,0.500
"drama",2,0,1.000,0.000,0.833,0.167
"teacher",1,0,1.000,0.000,0.750,0.250
"responds",1,0,1.000,0.000,0.750,0.250
"perfectly",3,0,1.000,0.000,0.875,0.125
"mother",1,0,1.000,0.000,0.750,0.250
"pulls",1,0,1.000,0.000,0.750,0.250
"class",1,0,1.000,0.000,0.750,0.250
"server",1,0,1.000,0.000,0.750,0.250
"internet",2,2,0.500,0.500,0.500,0.500
"guess",1,0,1.000,0.000,0.750,0.250
"chips",1,0,1.000,0.000,0.750,0.250
"before",2,0,1.000,0.000,0.833,0.167
"smashed",1,0,1.000,0.000,0.750,0.250
"spelling",1,0,1.000,0.000,0.750,0.250
"friends",2,0,1.000,0.000,0.833,0.167
"blair",1,0,1.000,0.000,0.750,0.250
"serena",1,0,1.000,0.000,0.750,0.250
"tired",1,0,1.000,0.000,0.750,0.250
"weekend",1,0,1.000,0.000,0.750,0.250
"therapy",1,0,1.000,0.000,0.750,0.250
"buff",1,0,1.000,0.000,0.750,0.250
"john",1,1,0.500,0.500,0.500,0.500
"krasinski",1,0,1.000,0.000,0.750,0.250
"hours",1,0,1.000,0.000,0.750,0.250
"it's",4,0,1.000,0.000,0.900,0.100
"hard",3,0,1.000,0.000,0.875,0.125
"handle",1,0,1.000,0.000,0.750,0.250
"obscure",1,0,1.000,0.000,0.750,0.250
"very",1,0,1.000,0.000,0.750,0.250
"sweary",1,0,1.000,0.000,0.750,0.250
"british",1,0,1.000,0.000,0.750,0.250
"need",7,0,1.000,0.000,0.938,0.062
"use",1,3,0.250,0.750,0.300,0.700
"now",5,1,0.833,0.167,0.786,0.214
"14",1,0,1.000,0.000,0.750,0.250
"rare",1,0,1.000,0.000,0.750,0.250
"albert",1,0,1.000,0.000,0.750,0.250
"einstein",1,0,1.000,0.000,0.750,0.250
"seen",1,0,1.000,0.000,0.750,0.250
"kendrick",1,0,1.000,0.000,0.750,0.250
"sampson",1,0,1.000,0.000,0.750,0.250
"htgawm",1,0,1.000,0.000,0.750,0.250
"ultimate",1,0,1.000,0.000,0.750,0.250
"bae",1,0,1.000,0.000,0.750,0.250
"11",2,1,0.667,0.333,0.625,0.375
"mumbai",1,0,1.000,0.000,0.750,0.250
"sending",1,0,1.000,0.000,0.750,0.250
"powerful",1,0,1.000,0.000,0.750,0.250
"messages",1,0,1.000,0.000,0.750,0.250
"support",1,0,1.000,0.000,0.750,0.250
"solidarity",1,0,1.000,0.000,0.750,0.250
"paris",1,0,1.000,0.000,0.750,0.250
"thoughts",1,0,1.000,0.000,0.750,0.250
"while",2,2,0.500,0.500,0.500,0.500
"stalking",1,0,1.000,0.000,0.750,0.250
"our",1,1,0.500,0.500,0.500,0.500
"exes",1,0,1.000,0.000,0.750,0.250
"facebook",1,0,1.000,0.000,0.750,0.250
"i'm",2,0,1.000,0.000,0.833,0.167
"immigrant",2,0,1.000,0.000,0.833,0.167
"but",1,2,0.333,0.667,0.375,0.625
"not",2,2,0.500,0.500,0.500,0.500
"guy's",1,0,1.000,0.000,0.750,0.250
"cheese",2,0,1.000,0.000,0.833,0.167
"sums",1,0,1.000,0.000,0.750,0.250
"silly",2,0,1.000,0.000,0.833,0.167
"daily",1,0,1.000,0.000,0.750,0.250
"mail",1,0,1.000,0.000,0.750,0.250
"reenacted",1,0,1.000,0.000,0.750,0.250
"said",4,1,0.800,0.200,0.750,0.250
"leaders",1,1,0.500,0.500,0.500,0.500
"shit-ton",1,0,1.000,0.000,0.750,0.250
"lesbian",1,0,1.000,0.000,0.750,0.250
"subtext",1,0,1.000,0.000,0.750,0.250
"capture",1,0,1.000,0.000,0.750,0.250
"experience",1,1,0.500,0.500,0.500,0.500
"beans",1,0,1.000,0.000,0.750,0.250
"only",5,0,1.000,0.000,0.917,0.083
"twitter",2,0,1.000,0.000,0.833,0.167
"matters",1,0,1.000,0.000,0.750,0.250
"masturbation",2,0,1.000,0.000,0.833,0.167
"that'll",2,0,1.000,0.000,0.833,0.167
"wtf",1,0,1.000,0.000,0.750,0.250
"secondary",1,0,1.000,0.000,0.750,0.250
"characters",2,0,1.000,0.000,0.833,0.167
"then",1,0,1.000,0.000,0.750,0.250
"vs.",3,0,1.000,0.000,0.875,0.125
"potato",1,0,1.000,0.000,0.750,0.250
"recipes",1,0,1.000,0.000,0.750,0.250
"illegal",1,0,1.000,0.000,0.750,0.250
"charts",2,0,1.000,0.000,0.833,0.167
"graphs",1,0,1.000,0.000,0.750,0.250
"james",1,0,1.000,0.000,0.750,0.250
"bond",1,0,1.000,0.000,0.750,0.250
"fan",2,0,1.000,0.000,0.833,0.167
"season",3,0,1.000,0.000,0.875,0.125
"buffy",1,0,1.000,0.000,0.750,0.250
"jerseyans",1,0,1.000,0.000,0.750,0.250
"ace",1,0,1.000,0.000,0.750,0.250
"diy",1,0,1.000,0.000,0.750,0.250
"oreo",1,0,1.000,0.000,0.750,0.250
"churros",1,0,1.000,0.000,0.750,0.250
"next-level",1,0,1.000,0.000,0.750,0.250
"classical",1,0,1.000,0.000,0.750,0.250
"nerd",1,0,1.000,0.000,0.750,0.250
"hilarious",1,0,1.000,0.000,0.750,0.250
"book",1,0,1.000,0.000,0.750,0.250
"lover",1,0,1.000,0.000,0.750,0.250
"appreciate",1,0,1.000,0.000,0.750,0.250
"movie",3,0,1.000,0.000,0.875,0.125
"watch",2,0,1.000,0.000,0.833,0.167
"5",1,1,0.500,0.500,0.500,0.500
"walking",1,0,1.000,0.000,0.750,0.250
"dead",1,8,0.111,0.889,0.150,0.850
"went",2,0,1.000,0.000,0.833,0.167
"boobs",1,0,1.000,0.000,0.750,0.250
"netflix",2,0,1.000,0.000,0.833,0.167
"chill",1,0,1.000,0.000,0.750,0.250
"honest",1,0,1.000,0.000,0.750,0.250
"wounded",1,0,1.000,0.000,0.750,0.250
"veteran's",1,0,1.000,0.000,0.750,0.250
"service",1,3,0.250,0.750,0.300,0.700
"man",1,0,1.000,0.000,0.750,0.250
"it'll",1,0,1.000,0.000,0.750,0.250
"bawl",1,0,1.000,0.000,0.750,0.250
"youth",1,0,1.000,0.000,0.750,0.250
"football",1,2,0.333,0.667,0.375,0.625
"players",2,1,0.667,0.333,0.625,0.375
"quit",1,0,1.000,0.000,0.750,0.250
"whip/nae",1,0,1.000,0.000,0.750,0.250
"birthday",1,1,0.500,0.500,0.500,0.500
"cake",1,0,1.000,0.000,0.750,0.250
"bffs",1,0,1.000,0.000,0.750,0.250
"slaying",1,0,1.000,0.000,0.750,0.250
"fashion",1,0,1.000,0.000,0.750,0.250
"dear",1,0,1.000,0.000,0.750,0.250
"word",1,0,1.000,0.000,0.750,0.250
"advice",1,0,1.000,0.000,0.750,0.250
"india:",1,0,1.000,0.000,0.750,0.250
"butts",1,0,1.000,0.000,0.750,0.250
"dirty",1,0,1.000,0.000,0.750,0.250
"pass",1,0,1.000,0.000,0.750,0.250
"environmental",1,0,1.000,0.000,0.750,0.250
"science",1,0,1.000,0.000,0.750,0.250
"you're",3,0,1.000,0.000,0.875,0.125
"baths",1,0,1.000,0.000,0.750,0.250
"amber",1,0,1.000,0.000,0.750,0.250
"rose",1,0,1.000,0.000,0.750,0.250
"lot",1,0,1.000,0.000,0.750,0.250
"important",1,0,1.000,0.000,0.750,0.250
"lessons",1,0,1.000,0.000,0.750,0.250
"game-changing",1,0,1.000,0.000,0.750,0.250
"eyeliner",1,0,1.000,0.000,0.750,0.250
"suck",1,0,1.000,0.000,0.750,0.250
"makeup",3,0,1.000,0.000,0.875,0.125
"into",1,2,0.333,0.667,0.375,0.625
"1996",1,0,1.000,0.000,0.750,0.250
"feel",2,0,1.000,0.000,0.833,0.167
"old",1,0,1.000,0.000,0.750,0.250
"show",1,5,0.167,0.833,0.214,0.786
"off",2,2,0.500,0.500,0.500,0.500
"terrible",1,0,1.000,0.000,0.750,0.250
"start",2,1,0.667,0.333,0.625,0.375
"campus",1,0,1.000,0.000,0.750,0.250
"urban",1,1,0.500,0.500,0.500,0.500
"dictionary",1,0,1.000,0.000,0.750,0.250
"definitions",1,0,1.000,0.000,0.750,0.250
"renters",1,0,1.000,0.000,0.750,0.250
"insurance",1,0,1.000,0.000,0.750,0.250
"mic",1,0,1.000,0.000,0.750,0.250
"dropped",1,0,1.000,0.000,0.750,0.250
"piano",1,0,1.000,0.000,0.750,0.250
"that's",1,0,1.000,0.000,0.750,0.250
"why",2,0,1.000,0.000,0.833,0.167
"grammy",1,0,1.000,0.000,0.750,0.250
"performance",2,0,1.000,0.000,0.833,0.167
"31",2,0,1.000,0.000,0.833,0.167
"babies",1,0,1.000,0.000,0.750,0.250
"hello",1,0,1.000,0.000,0.750,0.250
"assumptions",1,0,1.000,0.000,0.750,0.250
"singles",1,0,1.000,0.000,0.750,0.250
"thirties",1,0,1.000,0.000,0.750,0.250
"food",1,0,1.000,0.000,0.750,0.250
"electric",1,0,1.000,0.000,0.750,0.250
"picnic",1,0,1.000,0.000,0.750,0.250
"dragon",1,0,1.000,0.000,0.750,0.250
"ball",1,0,1.000,0.000,0.750,0.250
"z",1,0,1.000,0.000,0.750,0.250
"realistic",2,0,1.000,0.000,0.833,0.167
"proportions",1,0,1.000,0.000,0.750,0.250
"ridiculously",1,0,1.000,0.000,0.750,0.250
"sex",1,0,1.000,0.000,0.750,0.250
"parents",1,0,1.000,0.000,0.750,0.250
"costco",1,0,1.000,0.000,0.750,0.250
"failed",1,1,0.500,0.500,0.500,0.500
"almost",1,0,1.000,0.000,0.750,0.250
"won",1,0,1.000,0.000,0.750,0.250
"x-men",1,0,1.000,0.000,0.750,0.250
"character",4,0,1.000,0.000,0.900,0.100
"slytherins",1,0,1.000,0.000,0.750,0.250
"doing",1,0,1.000,0.000,0.750,0.250
"job",1,0,1.000,0.000,0.750,0.250
"costume",1,0,1.000,0.000,0.750,0.250
"acknowledge",1,0,1.000,0.000,0.750,0.250
"niall",1,0,1.000,0.000,0.750,0.250
"underrated",1,0,1.000,0.000,0.750,0.250
"member",1,0,1.000,0.000,0.750,0.250
"masturbated",1,0,1.000,0.000,0.750,0.250
"week",2,1,0.667,0.333,0.625,0.375
"nick",1,0,1.000,0.000,0.750,0.250
"joe",1,0,1.000,0.000,0.750,0.250
"jonas",1,0,1.000,0.000,0.750,0.250
"straight",1,0,1.000,0.000,0.750,0.250
"woman",1,5,0.167,0.833,0.214,0.786
"tinder",1,0,1.000,0.000,0.750,0.250
"me",1,0,1.000,0.000,0.750,0.250
"tears",1,0,1.000,0.000,0.750,0.250
"hearing",1,0,1.000,0.000,0.750,0.250
"josh",1,0,1.000,0.000,0.750,0.250
"groban",1,0,1.000,0.000,0.750,0.250
"kelly",1,0,1.000,0.000,0.750,0.250
"clarkson",1,0,1.000,0.000,0.750,0.250
"duet",1,0,1.000,0.000,0.750,0.250
"slow",1,0,1.000,0.000,0.750,0.250
"soups",1,0,1.000,0.000,0.750,0.250
"warm",1,0,1.000,0.000,0.750,0.250
"bourbon",1,0,1.000,0.000,0.750,0.250
"better",2,0,1.000,0.000,0.833,0.167
"liz",1,0,1.000,0.000,0.750,0.250
"lemon",1,0,1.000,0.000,0.750,0.250
"spoke",1,0,1.000,0.000,0.750,0.250
"truth",1,0,1.000,0.000,0.750,0.250
"magazines",1,0,1.000,0.000,0.750,0.250
"nominee",1,0,1.000,0.000,0.750,0.250
"brie",1,0,1.000,0.000,0.750,0.250
"larson",1,0,1.000,0.000,0.750,0.250
"2000s",1,0,1.000,0.000,0.750,0.250
"career",1,0,1.000,0.000,0.750,0.250
"explaining",1,0,1.000,0.000,0.750,0.250
"rap",2,0,1.000,0.000,0.833,0.167
"fired",1,0,1.000,0.000,0.750,0.250
"election",1,2,0.333,0.667,0.375,0.625
"candidate",1,2,0.333,0.667,0.375,0.625
"canada",1,1,0.500,0.500,0.500,0.500
"ooey",1,0,1.000,0.000,0.750,0.250
"gooey",1,0,1.000,0.000,0.750,0.250
"snacks",1,0,1.000,0.000,0.750,0.250
"level",1,1,0.500,0.500,0.500,0.500
"winner",1,1,0.500,0.500,0.500,0.500
"currently",1,0,1.000,0.000,0.750,0.250
"experiencing",1,0,1.000,0.000,0.750,0.250
"put",1,0,1.000,0.000,0.750,0.250
"through",1,0,1.000,0.000,0.750,0.250
"tim",1,0,1.000,0.000,0.750,0.250
"hortons",1,0,1.000,0.000,0.750,0.250
"a.m",1,0,1.000,0.000,0.750,0.250
"knew",1,0,1.000,0.000,0.750,0.250
"there",1,0,1.000,0.000,0.750,0.250
"short",1,0,1.000,0.000,0.750,0.250
"relate",1,0,1.000,0.000,0.750,0.250
"winter",2,0,1.000,0.000,0.833,0.167
"smoothies",1,0,1.000,0.000,0.750,0.250
"jump",1,1,0.500,0.500,0.500,0.500
"mornings",1,0,1.000,0.000,0.750,0.250
"breaking",1,0,1.000,0.000,0.750,0.250
"bad",1,0,1.000,0.000,0.750,0.250
"famous",1,0,1.000,0.000,0.750,0.250
"punishments",1,0,1.000,0.000,0.750,0.250
"jamie",1,0,1.000,0.000,0.750,0.250
"claire",1,0,1.000,0.000,0.750,0.250
"outlander",1,0,1.000,0.000,0.750,0.250
"2",1,3,0.250,0.750,0.300,0.700
"fucked",1,0,1.000,0.000,0.750,0.250
"caillou",1,0,1.000,0.000,0.750,0.250
"(that",1,0,1.000,0.000,0.750,0.250
"great)",1,0,1.000,0.000,0.750,0.250
"tinker",1,0,1.000,0.000,0.750,0.250
"bell",1,0,1.000,0.000,0.750,0.250
"belle",1,0,1.000,0.000,0.750,0.250
"rihanna",1,0,1.000,0.000,0.750,0.250
"work",1,2,0.333,0.667,0.375,0.625
"video",1,0,1.000,0.000,0.750,0.250
"hurts",1,0,1.000,0.000,0.750,0.250
"ryan",1,0,1.000,0.000,0.750,0.250
"phillippe",1,0,1.000,0.000,0.750,0.250
"comes",1,1,0.500,0.500,0.500,0.500
"amy",1,0,1.000,0.000,0.750,0.250
"schumer",1,0,1.000,0.000,0.750,0.250
"deleted",1,0,1.000,0.000,0.750,0.250
"trainwreck",1,0,1.000,0.000,0.750,0.250
"scene",1,0,1.000,0.000,0.750,0.250
"matthew",1,0,1.000,0.000,0.750,0.250
"mcconaughey",1,0,1.000,0.000,0.750,0.250
"reached",1,0,1.000,0.000,0.750,0.250
"peak",1,0,1.000,0.000,0.750,0.250
"mode",1,0,1.000,0.000,0.750,0.250
"animal",1,1,0.500,0.500,0.500,0.500
"facts",1,0,1.000,0.000,0.750,0.250
"single",1,0,1.000,0.000,0.750,0.250
"moment",2,0,1.000,0.000,0.833,0.167
"between",1,0,1.000,0.000,0.750,0.250
"starbucks",1,0,1.000,0.000,0.750,0.250
"barista",1,0,1.000,0.000,0.750,0.250
"deaf",1,1,0.500,0.500,0.500,0.500
"customer",1,0,1.000,0.000,0.750,0.250
"viral",1,0,1.000,0.000,0.750,0.250
"7",2,1,0.667,0.333,0.625,0.375
"insanely",1,0,1.000,0.000,0.750,0.250
"ways",1,0,1.000,0.000,0.750,0.250
"eat",1,0,1.000,0.000,0.750,0.250
"leftover",1,0,1.000,0.000,0.750,0.250
"physically",1,0,1.000,0.000,0.750,0.250
"can't",2,0,1.000,0.000,0.833,0.167
"pierce",1,0,1.000,0.000,0.750,0.250
"ears",1,0,1.000,0.000,0.750,0.250
"adam",1,0,1.000,0.000,0.750,0.250
"woodyatt",1,0,1.000,0.000,0.750,0.250
"upset",1,0,1.000,0.000,0.750,0.250
"#howsadam",1,0,1.000,0.000,0.750,0.250
"didn't",1,0,1.000,0.000,0.750,0.250
"corrie",1,0,1.000,0.000,0.750,0.250
"october",1,0,1.000,0.000,0.750,0.250
"lego",1,0,1.000,0.000,0.750,0.250
"naked",2,0,1.000,0.000,0.833,0.167
"mole",1,0,1.000,0.000,0.750,0.250
"kim",1,0,1.000,0.000,0.750,0.250
"possible",1,1,0.500,0.500,0.500,0.500
"percent",1,0,1.000,0.000,0.750,0.250
"vegan",1,0,1.000,0.000,0.750,0.250
"orange",1,0,1.000,0.000,0.750,0.250
"seriously",1,1,0.500,0.500,0.500,0.500
"intense",1,0,1.000,0.000,0.750,0.250
"perpetually",1,0,1.000,0.000,0.750,0.250
"miserable",1,0,1.000,0.000,0.750,0.250
"holiday",1,0,1.000,0.000,0.750,0.250
"squad",1,0,1.000,0.000,0.750,0.250
"floral",1,0,1.000,0.000,0.750,0.250
"leash",1,0,1.000,0.000,0.750,0.250
"fuck",2,0,1.000,0.000,0.833,0.167
"crocodile",1,0,1.000,0.000,0.750,0.250
"secret",1,3,0.250,0.750,0.300,0.700
"pets",1,0,1.000,0.000,0.750,0.250
"mindblowing",1,0,1.000,0.000,0.750,0.250
"harry",1,0,1.000,0.000,0.750,0.250
"potter",1,0,1.000,0.000,0.750,0.250
"theory",1,0,1.000,0.000,0.750,0.250
"avada",1,0,1.000,0.000,0.750,0.250
"kedavra",1,0,1.000,0.000,0.750,0.250
"curse",1,0,1.000,0.000,0.750,0.250
"friday",1,0,1.000,0.000,0.750,0.250
"palettes",1,0,1.000,0.000,0.750,0.250
"sale",1,0,1.000,0.000,0.750,0.250
"korean",1,0,1.000,0.000,0.750,0.250
"pop",2,0,1.000,0.000,0.833,0.167
"falling",1,0,1.000,0.000,0.750,0.250
"stage",1,1,0.500,0.500,0.500,0.500
"film",1,0,1.000,0.000,0.750,0.250
"pixar's",1,0,1.000,0.000,0.750,0.250
"tributes",1,0,1.000,0.000,0.750,0.250
"classic",1,0,1.000,0.000,0.750,0.250
"brilliant",1,0,1.000,0.000,0.750,0.250
"two-person",1,0,1.000,0.000,0.750,0.250
"costumes",1,0,1.000,0.000,0.750,0.250
"guaranteed",1,0,1.000,0.000,0.750,0.250
"done",1,0,1.000,0.000,0.750,0.250
"dissertation",1,0,1.000,0.000,0.750,0.250
"rory",1,0,1.000,0.000,0.750,0.250
"williams",1,0,1.000,0.000,0.750,0.250
"much",2,0,1.000,0.000,0.833,0.167
"graduated",1,0,1.000,0.000,0.750,0.250
"companion",1,0,1.000,0.000,0.750,0.250
"doctor",1,3,0.250,0.750,0.300,0.700
"legends",1,0,1.000,0.000,0.750,0.250
"tomorrow",1,0,1.000,0.000,0.750,0.250
"tutorial",1,0,1.000,0.000,0.750,0.250
"hipster",1,0,1.000,0.000,0.750,0.250
"britain",1,1,0.500,0.500,0.500,0.500
"percentage",1,0,1.000,0.000,0.750,0.250
"3",1,0,1.000,0.000,0.750,0.250
"bangs",1,0,1.000,0.000,0.750,0.250
"celebrities",1,0,1.000,0.000,0.750,0.250
"bangable",1,0,1.000,0.000,0.750,0.250
"pooped",1,0,1.000,0.000,0.750,0.250
"my",1,0,1.000,0.000,0.750,0.250
"pants",1,0,1.000,0.000,0.750,0.250
"sick",1,0,1.000,0.000,0.750,0.250
"traveling",1,0,1.000,0.000,0.750,0.250
"cast",1,0,1.000,0.000,0.750,0.250
"parks",1,0,1.000,0.000,0.750,0.250
"rec",1,0,1.000,0.000,0.750,0.250
"prefer",1,0,1.000,0.000,0.750,0.250
"chris",3,0,1.000,0.000,0.875,0.125
"pratt",2,0,1.000,0.000,0.833,0.167
"hemsworth",1,0,1.000,0.000,0.750,0.250
"talk",1,1,0.500,0.500,0.500,0.500
"american",1,1,0.500,0.500,0.500,0.500
"finals",1,1,0.500,0.500,0.500,0.500
"alcohol",1,0,1.000,0.000,0.750,0.250
"drinking",1,0,1.000,0.000,0.750,0.250
"behold",1,0,1.000,0.000,0.750,0.250
"terrifying",1,0,1.000,0.000,0.750,0.250
"mascot",1,0,1.000,0.000,0.750,0.250
"exist",1,0,1.000,0.000,0.750,0.250
"fans",1,0,1.000,0.000,0.750,0.250
"genius",1,0,1.000,0.000,0.750,0.250
"than",1,2,0.333,0.667,0.375,0.625
"chick",1,0,1.000,0.000,0.750,0.250
"divas",1,0,1.000,0.000,0.750,0.250
"2006",1,0,1.000,0.000,0.750,0.250
"west",1,0,1.000,0.000,0.750,0.250
"wiz",1,0,1.000,0.000,0.750,0.250
"khalifa",1,0,1.000,0.000,0.750,0.250
"officially",1,0,1.000,0.000,0.750,0.250
"eye",1,0,1.000,0.000,0.750,0.250
"contact",1,0,1.000,0.000,0.750,0.250
"last-minute",1,0,1.000,0.000,0.750,0.250
"stocking",1,0,1.000,0.000,0.750,0.250
"stuffers",1,0,1.000,0.000,0.750,0.250
"fandom",1,0,1.000,0.000,0.750,0.250
"thought",1,0,1.000,0.000,0.750,0.250
"green",1,0,1.000,0.000,0.750,0.250
"m&m's",1,0,1.000,0.000,0.750,0.250
"horny",1,0,1.000,0.000,0.750,0.250
"piece",1,0,1.000,0.000,0.750,0.250
"evidence",1,0,1.000,0.000,0.750,0.250
"proves",1,0,1.000,0.000,0.750,0.250
"faris",1,0,1.000,0.000,0.750,0.250
"existence",1,0,1.000,0.000,0.750,0.250
"male",1,0,1.000,0.000,0.750,0.250
"actor",1,0,1.000,0.000,0.750,0.250
"letter",1,0,1.000,0.000,0.750,0.250
"name",1,1,0.500,0.500,0.500,0.500
"michael",1,0,1.000,0.000,0.750,0.250
"b.",1,0,1.000,0.000,0.750,0.250
"jordan",1,0,1.000,0.000,0.750,0.250
"laid",1,0,1.000,0.000,0.750,0.250
"filming",1,0,1.000,0.000,0.750,0.250
"creed",1,0,1.000,0.000,0.750,0.250
"bill",0,2,0.000,1.000,0.167,0.833
"changing",0,1,0.000,1.000,0.250,0.750
"credit",0,2,0.000,1.000,0.167,0.833
"card",0,2,0.000,1.000,0.167,0.833
"rules",0,5,0.000,1.000,0.083,0.917
"sent",0,1,0.000,1.000,0.250,0.750
"obama",0,5,0.000,1.000,0.083,0.917
"gun",0,1,0.000,1.000,0.250,0.750
"measure",0,1,0.000,1.000,0.250,0.750
"included",0,1,0.000,1.000,0.250,0.750
"hollywood",0,1,0.000,1.000,0.250,0.750
"easy-money",0,1,0.000,1.000,0.250,0.750
"generation",0,2,0.000,1.000,0.167,0.833
"toughens",0,2,0.000,1.000,0.167,0.833
"1700",0,1,0.000,1.000,0.250,0.750
"runners",0,1,0.000,1.000,0.250,0.750
"still",0,3,0.000,1.000,0.125,0.875
"unaccounted",0,1,0.000,1.000,0.250,0.750
"uk's",0,3,0.000,1.000,0.125,0.875
"lake",0,1,0.000,1.000,0.250,0.750
"district",0,1,0.000,1.000,0.250,0.750
"following",0,2,0.000,1.000,0.167,0.833
"flood",0,1,0.000,1.000,0.250,0.750
"yankees",0,2,0.000,1.000,0.167,0.833
"pitchers",0,1,0.000,1.000,0.250,0.750
"trade",0,1,0.000,1.000,0.250,0.750
"fielding",0,1,0.000,1.000,0.250,0.750
"drills",0,1,0.000,1.000,0.250,0.750
"putting",0,2,0.000,1.000,0.167,0.833
"practice",0,1,0.000,1.000,0.250,0.750
"large",0,1,0.000,1.000,0.250,0.750
"earthquake",0,3,0.000,1.000,0.125,0.875
"rattles",0,1,0.000,1.000,0.250,0.750
"indonesia;",0,1,0.000,1.000,0.250,0.750
"seventh",0,1,0.000,1.000,0.250,0.750
"two",0,7,0.000,1.000,0.062,0.938
"days",0,1,0.000,1.000,0.250,0.750
"coldplay's",0,1,0.000,1.000,0.250,0.750
"stores",0,1,0.000,1.000,0.250,0.750
"worldwide",0,1,0.000,1.000,0.250,0.750
"u.n.",0,2,0.000,1.000,0.167,0.833
"leader",0,3,0.000,1.000,0.125,0.875
"presses",0,2,0.000,1.000,0.167,0.833
"sri",0,3,0.000,1.000,0.125,0.875
"lanka",0,2,0.000,1.000,0.167,0.833
"speeding",0,1,0.000,1.000,0.250,0.750
"relief",0,1,0.000,1.000,0.250,0.750
"refugees",0,1,0.000,1.000,0.250,0.750
"camps",0,1,0.000,1.000,0.250,0.750
"somali-americans",0,1,0.000,1.000,0.250,0.750
"charged",0,2,0.000,1.000,0.167,0.833
"aiding",0,1,0.000,1.000,0.250,0.750
"terror",0,2,0.000,1.000,0.167,0.833
"highway",0,1,0.000,1.000,0.250,0.750
"administration",0,2,0.000,1.000,0.167,0.833
"releases",0,1,0.000,1.000,0.250,0.750
"interim",0,1,0.000,1.000,0.250,0.750
"report",0,4,0.000,1.000,0.100,0.900
"boston's",0,1,0.000,1.000,0.250,0.750
"dig:",0,1,0.000,1.000,0.250,0.750
"press",0,2,0.000,1.000,0.167,0.833
"release",0,1,0.000,1.000,0.250,0.750
"claims",0,1,0.000,1.000,0.250,0.750
"tunnel",0,1,0.000,1.000,0.250,0.750
"safe",0,1,0.000,1.000,0.250,0.750
"announces",0,2,0.000,1.000,0.167,0.833
"international",0,2,0.000,1.000,0.167,0.833
"meetings",0,1,0.000,1.000,0.250,0.750
"address",0,1,0.000,1.000,0.250,0.750
"energy",0,3,0.000,1.000,0.125,0.875
"climate",0,1,0.000,1.000,0.250,0.750
"issues",0,2,0.000,1.000,0.167,0.833
"troubled",0,2,0.000,1.000,0.167,0.833
"coyotes",0,1,0.000,1.000,0.250,0.750
"gretzky",0,1,0.000,1.000,0.250,0.750
"called",0,1,0.000,1.000,0.250,0.750
"savior",0,2,0.000,1.000,0.167,0.833
"again",0,2,0.000,1.000,0.167,0.833
"door",0,1,0.000,1.000,0.250,0.750
"opens",0,1,0.000,1.000,0.250,0.750
"mid-qantas",0,1,0.000,1.000,0.250,0.750
"flight;",0,1,0.000,1.000,0.250,0.750
"plane",0,2,0.000,1.000,0.167,0.833
"emergency",0,1,0.000,1.000,0.250,0.750
"landing",0,1,0.000,1.000,0.250,0.750
"gas",0,1,0.000,1.000,0.250,0.750
"prices",0,1,0.000,1.000,0.250,0.750
"surge",0,1,0.000,1.000,0.250,0.750
"northeast",0,1,0.000,1.000,0.250,0.750
"schapelle",0,1,0.000,1.000,0.250,0.750
"corby",0,1,0.000,1.000,0.250,0.750
"found",0,9,0.000,1.000,0.050,0.950
"guilty",0,2,0.000,1.000,0.167,0.833
"sentenced",0,1,0.000,1.000,0.250,0.750
"2008",0,6,0.000,1.000,0.071,0.929
"secutech",0,1,0.000,1.000,0.250,0.750
"expo",0,1,0.000,1.000,0.250,0.750
"starts",0,3,0.000,1.000,0.125,0.875
"taipei",0,3,0.000,1.000,0.125,0.875
"taiwan",0,2,0.000,1.000,0.167,0.833
"grasping",0,1,0.000,1.000,0.250,0.750
"global",0,3,0.000,1.000,0.125,0.875
"security",0,1,0.000,1.000,0.250,0.750
"industry",0,5,0.000,1.000,0.083,0.917
"introduces",0,1,0.000,1.000,0.250,0.750
"illinois",0,1,0.000,1.000,0.250,0.750
"texting",0,1,0.000,1.000,0.250,0.750
"driving",0,1,0.000,1.000,0.250,0.750
"ban",0,3,0.000,1.000,0.125,0.875
"among",0,1,0.000,1.000,0.250,0.750
"other",0,2,0.000,1.000,0.167,0.833
"laws",0,1,0.000,1.000,0.250,0.750
"rod",0,1,0.000,1.000,0.250,0.750
"woodson",0,1,0.000,1.000,0.250,0.750
"tries",0,2,0.000,1.000,0.167,0.833
"stay",0,2,0.000,1.000,0.167,0.833
"grounded",0,1,0.000,1.000,0.250,0.750
"amid",0,2,0.000,1.000,0.167,0.833
"hall",0,1,0.000,1.000,0.250,0.750
"fame",0,1,0.000,1.000,0.250,0.750
"former",0,5,0.000,1.000,0.083,0.917
"president",0,5,0.000,1.000,0.083,0.917
"gerald",0,1,0.000,1.000,0.250,0.750
"ford",0,1,0.000,1.000,0.250,0.750
"hospitalized",0,2,0.000,1.000,0.167,0.833
"pneumonia",0,1,0.000,1.000,0.250,0.750
"welcomes",0,1,0.000,1.000,0.250,0.750
"specter",0,1,0.000,1.000,0.250,0.750
"law",0,1,0.000,1.000,0.250,0.750
"help",0,2,0.000,1.000,0.167,0.833
"asbestos",0,1,0.000,1.000,0.250,0.750
"sufferers",0,1,0.000,1.000,0.250,0.750
"victoria",0,1,0.000,1.000,0.250,0.750
"australia",0,1,0.000,1.000,0.250,0.750
"france",0,1,0.000,1.000,0.250,0.750
"approves",0,2,0.000,1.000,0.167,0.833
"crackdown",0,1,0.000,1.000,0.250,0.750
"piracy",0,1,0.000,1.000,0.250,0.750
"fine",0,1,0.000,1.000,0.250,0.750
"print",0,1,0.000,1.000,0.250,0.750
"rollout",0,1,0.000,1.000,0.250,0.750
"dazzles",0,1,0.000,1.000,0.250,0.750
"most-read",0,1,0.000,1.000,0.250,0.750
"papers",0,1,0.000,1.000,0.250,0.750
"contempt",0,1,0.000,1.000,0.250,0.750
"court",0,5,0.000,1.000,0.083,0.917
"germany",0,2,0.000,1.000,0.167,0.833
"sinks",0,2,0.000,1.000,0.167,0.833
"its",0,2,0.000,1.000,0.167,0.833
"economic",0,1,0.000,1.000,0.250,0.750
"system",0,2,0.000,1.000,0.167,0.833
"questioned",0,1,0.000,1.000,0.250,0.750
"tropical",0,1,0.000,1.000,0.250,0.750
"dolores",0,1,0.000,1.000,0.250,0.750
"active",0,1,0.000,1.000,0.250,0.750
"bomb",0,1,0.000,1.000,0.250,0.750
"kills",0,3,0.000,1.000,0.125,0.875
"police",0,4,0.000,1.000,0.100,0.900
"official",0,1,0.000,1.000,0.250,0.750
"spain",0,1,0.000,1.000,0.250,0.750
"invitational",0,1,0.000,1.000,0.250,0.750
"slogan",0,1,0.000,1.000,0.250,0.750
"2009",0,3,0.000,1.000,0.125,0.875
"summer",0,2,0.000,1.000,0.167,0.833
"deaflympics",0,1,0.000,1.000,0.250,0.750
"unveiled",0,1,0.000,1.000,0.250,0.750
"government",0,3,0.000,1.000,0.125,0.875
"stops",0,1,0.000,1.000,0.250,0.750
"haiti",0,1,0.000,1.000,0.250,0.750
"evacuations",0,1,0.000,1.000,0.250,0.750
"aims",0,2,0.000,1.000,0.167,0.833
"profit",0,3,0.000,1.000,0.125,0.875
"sterling",0,1,0.000,1.000,0.250,0.750
"payers",0,1,0.000,1.000,0.250,0.750
"google",0,1,0.000,1.000,0.250,0.750
"maps",0,1,0.000,1.000,0.250,0.750
"incorporates",0,1,0.000,1.000,0.250,0.750
"satellite",0,1,0.000,1.000,0.250,0.750
"images",0,1,0.000,1.000,0.250,0.750
"seven",0,1,0.000,1.000,0.250,0.750
"missing",0,4,0.000,1.000,0.100,0.900
"survive",0,1,0.000,1.000,0.250,0.750
"french",0,2,0.000,1.000,0.167,0.833
"helicopter",0,2,0.000,1.000,0.167,0.833
"crash",0,4,0.000,1.000,0.100,0.900
"gabon",0,1,0.000,1.000,0.250,0.750
"coast",0,2,0.000,1.000,0.167,0.833
"wikinews",0,1,0.000,1.000,0.250,0.750
"interviews",0,1,0.000,1.000,0.250,0.750
"0",0,1,0.000,1.000,0.250,0.750
"a.d.",0,1,0.000,1.000,0.250,0.750
"development",0,1,0.000,1.000,0.250,0.750
"team",0,3,0.000,1.000,0.125,0.875
"gates",0,1,0.000,1.000,0.250,0.750
"warning",0,2,0.000,1.000,0.167,0.833
"north",0,2,0.000,1.000,0.167,0.833
"korea",0,1,0.000,1.000,0.250,0.750
"industrial",0,1,0.000,1.000,0.250,0.750
"slump",0,1,0.000,1.000,0.250,0.750
"prompts",0,2,0.000,1.000,0.167,0.833
"plant",0,3,0.000,1.000,0.125,0.875
"closings",0,1,0.000,1.000,0.250,0.750
"layoffs",0,2,0.000,1.000,0.167,0.833
"across",0,2,0.000,1.000,0.167,0.833
"asia",0,2,0.000,1.000,0.167,0.833
"nuclear",0,3,0.000,1.000,0.125,0.875
"leaks",0,1,0.000,1.000,0.250,0.750
"japan",0,2,0.000,1.000,0.167,0.833
"quake",0,1,0.000,1.000,0.250,0.750
"worse",0,1,0.000,1.000,0.250,0.750
"reported",0,1,0.000,1.000,0.250,0.750
"uefa",0,3,0.000,1.000,0.125,0.875
"champions",0,2,0.000,1.000,0.167,0.833
"league:",0,1,0.000,1.000,0.250,0.750
"april",0,3,0.000,1.000,0.125,0.875
"1",0,1,0.000,1.000,0.250,0.750
"medtronic",0,1,0.000,1.000,0.250,0.750
"paid",0,2,0.000,1.000,0.167,0.833
"$788",0,1,0.000,1.000,0.250,0.750
"000",0,4,0.000,1.000,0.100,0.900
"accused",0,2,0.000,1.000,0.167,0.833
"faking",0,1,0.000,1.000,0.250,0.750
"study",0,3,0.000,1.000,0.125,0.875
"ivory",0,1,0.000,1.000,0.250,0.750
"beats",0,2,0.000,1.000,0.167,0.833
"serbia",0,1,0.000,1.000,0.250,0.750
"montenegro",0,1,0.000,1.000,0.250,0.750
"3-2",0,1,0.000,1.000,0.250,0.750
"c",0,1,0.000,1.000,0.250,0.750
"political",0,1,0.000,1.000,0.250,0.750
"shifts",0,1,0.000,1.000,0.250,0.750
"rights",0,2,0.000,1.000,0.167,0.833
"lag",0,1,0.000,1.000,0.250,0.750
"culture",0,1,0.000,1.000,0.250,0.750
"taliban",0,1,0.000,1.000,0.250,0.750
"militant",0,1,0.000,1.000,0.250,0.750
"least",0,3,0.000,1.000,0.125,0.875
"thirteen",0,1,0.000,1.000,0.250,0.750
"northwest",0,1,0.000,1.000,0.250,0.750
"pakistan",0,4,0.000,1.000,0.100,0.900
"national",0,3,0.000,1.000,0.125,0.875
"park",0,2,0.000,1.000,0.167,0.833
"covers",0,2,0.000,1.000,0.167,0.833
"donation",0,1,0.000,1.000,0.250,0.750
"united",0,2,0.000,1.000,0.167,0.833
"airlines",0,3,0.000,1.000,0.125,0.875
"flight",0,2,0.000,1.000,0.167,0.833
"93",0,2,0.000,1.000,0.167,0.833
"memorial",0,1,0.000,1.000,0.250,0.750
"seventh-inning",0,1,0.000,1.000,0.250,0.750
"stretch",0,1,0.000,1.000,0.250,0.750
"twenty",0,1,0.000,1.000,0.250,0.750
"mudslides",0,1,0.000,1.000,0.250,0.750
"peru",0,1,0.000,1.000,0.250,0.750
"iran",0,4,0.000,1.000,0.100,0.900
"plans",0,1,0.000,1.000,0.250,0.750
"tests",0,1,0.000,1.000,0.250,0.750
"toward",0,1,0.000,1.000,0.250,0.750
"starting",0,1,0.000,1.000,0.250,0.750
"contestant",0,1,0.000,1.000,0.250,0.750
"injured",0,2,0.000,1.000,0.167,0.833
"german",0,2,0.000,1.000,0.167,0.833
"senator",0,2,0.000,1.000,0.167,0.833
"jesse",0,1,0.000,1.000,0.250,0.750
"helms",0,1,0.000,1.000,0.250,0.750
"86",0,1,0.000,1.000,0.250,0.750
"kimi",0,1,0.000,1.000,0.250,0.750
"rikknen",0,1,0.000,1.000,0.250,0.750
"wins",0,3,0.000,1.000,0.125,0.875
"belgian",0,1,0.000,1.000,0.250,0.750
"grand",0,2,0.000,1.000,0.167,0.833
"prix",0,1,0.000,1.000,0.250,0.750
"yahoo",0,1,0.000,1.000,0.250,0.750
"microsoft",0,2,0.000,1.000,0.167,0.833
"weighing",0,2,0.000,1.000,0.167,0.833
"ad",0,1,0.000,1.000,0.250,0.750
"pact",0,1,0.000,1.000,0.250,0.750
"suspect",0,2,0.000,1.000,0.167,0.833
"jasmine",0,1,0.000,1.000,0.250,0.750
"fiore's",0,1,0.000,1.000,0.250,0.750
"irish",0,1,0.000,1.000,0.250,0.750
"win",0,3,0.000,1.000,0.125,0.875
"narrowly",0,1,0.000,1.000,0.250,0.750
"italy",0,2,0.000,1.000,0.167,0.833
"rbs",0,1,0.000,1.000,0.250,0.750
"match",0,1,0.000,1.000,0.250,0.750
"gaza",0,2,0.000,1.000,0.167,0.833
"ethics",0,1,0.000,1.000,0.250,0.750
"warfare",0,1,0.000,1.000,0.250,0.750
"australian",0,3,0.000,1.000,0.125,0.875
"newspapers",0,1,0.000,1.000,0.250,0.750
"fined",0,1,0.000,1.000,0.250,0.750
"breaches",0,1,0.000,1.000,0.250,0.750
"media",0,2,0.000,1.000,0.167,0.833
"standards",0,1,0.000,1.000,0.250,0.750
"bull",0,1,0.000,1.000,0.250,0.750
"moose",0,1,0.000,1.000,0.250,0.750
"shot",0,2,0.000,1.000,0.167,0.833
"alaska",0,1,0.000,1.000,0.250,0.750
"town",0,1,0.000,1.000,0.250,0.750
"reborn",0,1,0.000,1.000,0.250,0.750
"threat",0,3,0.000,1.000,0.125,0.875
"islamist",0,2,0.000,1.000,0.167,0.833
"militia",0,1,0.000,1.000,0.250,0.750
"driven",0,1,0.000,1.000,0.250,0.750
"mogadishu",0,1,0.000,1.000,0.250,0.750
"vow",0,2,0.000,1.000,0.167,0.833
"keep",0,1,0.000,1.000,0.250,0.750
"fighting",0,1,0.000,1.000,0.250,0.750
"ichiro",0,1,0.000,1.000,0.250,0.750
"suzuki",0,1,0.000,1.000,0.250,0.750
"delivers",0,1,0.000,1.000,0.250,0.750
"memorable",0,1,0.000,1.000,0.250,0.750
"conclusion",0,1,0.000,1.000,0.250,0.750
"w.b.c.",0,1,0.000,1.000,0.250,0.750
"controversial",0,2,0.000,1.000,0.167,0.833
"u.s.",0,7,0.000,1.000,0.062,0.938
"abortion",0,2,0.000,1.000,0.167,0.833
"kansas",0,2,0.000,1.000,0.167,0.833
"church",0,1,0.000,1.000,0.250,0.750
"executes",0,2,0.000,1.000,0.167,0.833
"despite",0,3,0.000,1.000,0.125,0.875
"execution",0,1,0.000,1.000,0.250,0.750
"general",0,2,0.000,1.000,0.167,0.833
"says",0,8,0.000,1.000,0.056,0.944
"dealers",0,1,0.000,1.000,0.250,0.750
"afghanistan",0,4,0.000,1.000,0.100,0.900
"r.",0,1,0.000,1.000,0.250,0.750
"venkataraman",0,1,0.000,1.000,0.250,0.750
"dies",0,9,0.000,1.000,0.050,0.950
"age",0,1,0.000,1.000,0.250,0.750
"98",0,1,0.000,1.000,0.250,0.750
"suicide",0,1,0.000,1.000,0.250,0.750
"bomber",0,1,0.000,1.000,0.250,0.750
"imprisoned",0,1,0.000,1.000,0.250,0.750
"queensland",0,1,0.000,1.000,0.250,0.750
"w-league",0,1,0.000,1.000,0.250,0.750
"final",0,4,0.000,1.000,0.100,0.900
"lighting",0,1,0.000,1.000,0.250,0.750
"cut",0,3,0.000,1.000,0.125,0.875
"inuk",0,1,0.000,1.000,0.250,0.750
"hunter",0,1,0.000,1.000,0.250,0.750
"adrift",0,1,0.000,1.000,0.250,0.750
"arctic",0,1,0.000,1.000,0.250,0.750
"ice",0,1,0.000,1.000,0.250,0.750
"floe",0,1,0.000,1.000,0.250,0.750
"remains",0,2,0.000,1.000,0.167,0.833
"mass",0,1,0.000,1.000,0.250,0.750
"grave",0,1,0.000,1.000,0.250,0.750
"confirm",0,1,0.000,1.000,0.250,0.750
"argentina",0,2,0.000,1.000,0.167,0.833
"death",0,3,0.000,1.000,0.125,0.875
"football:",0,1,0.000,1.000,0.250,0.750
"2010",0,1,0.000,1.000,0.250,0.750
"gippsland",0,1,0.000,1.000,0.250,0.750
"league",0,2,0.000,1.000,0.167,0.833
"shape",0,1,0.000,1.000,0.250,0.750
"weeks",0,2,0.000,1.000,0.167,0.833
"local",0,1,0.000,1.000,0.250,0.750
"agencies",0,1,0.000,1.000,0.250,0.750
"sell",0,1,0.000,1.000,0.250,0.750
"minneapolis",0,1,0.000,1.000,0.250,0.750
"hire",0,1,0.000,1.000,0.250,0.750
"attendants",0,1,0.000,1.000,0.250,0.750
"banks",0,1,0.000,1.000,0.250,0.750
"stress",0,1,0.000,1.000,0.250,0.750
"recession",0,1,0.000,1.000,0.250,0.750
"wears",0,1,0.000,1.000,0.250,0.750
"officer",0,2,0.000,1.000,0.167,0.833
"killed",0,4,0.000,1.000,0.100,0.900
"south",0,3,0.000,1.000,0.125,0.875
"thailand",0,1,0.000,1.000,0.250,0.750
"blasts",0,1,0.000,1.000,0.250,0.750
"senior",0,1,0.000,1.000,0.250,0.750
"afghan",0,4,0.000,1.000,0.100,0.900
"taibu",0,1,0.000,1.000,0.250,0.750
"quits",0,1,0.000,1.000,0.250,0.750
"zimbabwe",0,1,0.000,1.000,0.250,0.750
"cricket",0,1,0.000,1.000,0.250,0.750
"further",0,2,0.000,1.000,0.167,0.833
"threats",0,1,0.000,1.000,0.250,0.750
"business",0,2,0.000,1.000,0.167,0.833
"loan",0,1,0.000,1.000,0.250,0.750
"bank",0,2,0.000,1.000,0.167,0.833
"thinks",0,1,0.000,1.000,0.250,0.750
"muslim",0,1,0.000,1.000,0.250,0.750
"brotherhood",0,1,0.000,1.000,0.250,0.750
"facing",0,1,0.000,1.000,0.250,0.750
"cuba",0,1,0.000,1.000,0.250,0.750
"open-source",0,1,0.000,1.000,0.250,0.750
"software",0,2,0.000,1.000,0.167,0.833
"dwarf",0,1,0.000,1.000,0.250,0.750
"gets",0,3,0.000,1.000,0.125,0.875
"penis",0,1,0.000,1.000,0.250,0.750
"glued",0,1,0.000,1.000,0.250,0.750
"vacuum",0,1,0.000,1.000,0.250,0.750
"cleaner",0,1,0.000,1.000,0.250,0.750
"student",0,1,0.000,1.000,0.250,0.750
"bath",0,1,0.000,1.000,0.250,0.750
"england",0,1,0.000,1.000,0.250,0.750
"botswana",0,1,0.000,1.000,0.250,0.750
"holds",0,1,0.000,1.000,0.250,0.750
"parliamentary",0,1,0.000,1.000,0.250,0.750
"elections",0,2,0.000,1.000,0.167,0.833
"search",0,1,0.000,1.000,0.250,0.750
"continues",0,1,0.000,1.000,0.250,0.750
"nine",0,3,0.000,1.000,0.125,0.875
"midair",0,1,0.000,1.000,0.250,0.750
"collision",0,1,0.000,1.000,0.250,0.750
"california",0,3,0.000,1.000,0.125,0.875
"meet",0,1,0.000,1.000,0.250,0.750
"tensions",0,1,0.000,1.000,0.250,0.750
"turkish",0,1,0.000,1.000,0.250,0.750
"plot",0,1,0.000,1.000,0.250,0.750
"mall",0,1,0.000,1.000,0.250,0.750
"street",0,1,0.000,1.000,0.250,0.750
"pork",0,1,0.000,1.000,0.250,0.750
"fights",0,1,0.000,1.000,0.250,0.750
"concerns",0,1,0.000,1.000,0.250,0.750
"swine",0,2,0.000,1.000,0.167,0.833
"flu",0,3,0.000,1.000,0.125,0.875
"details",0,1,0.000,1.000,0.250,0.750
"emerge",0,1,0.000,1.000,0.250,0.750
"al-zarqawi's",0,1,0.000,1.000,0.250,0.750
"location",0,1,0.000,1.000,0.250,0.750
"pinned",0,1,0.000,1.000,0.250,0.750
"dvd",0,1,0.000,1.000,0.250,0.750
"format",0,1,0.000,1.000,0.250,0.750
"nearing",0,1,0.000,1.000,0.250,0.750
"deadline",0,1,0.000,1.000,0.250,0.750
"editors",0,1,0.000,1.000,0.250,0.750
"share",0,1,0.000,1.000,0.250,0.750
"no.",0,1,0.000,1.000,0.250,0.750
"spot",0,1,0.000,1.000,0.250,0.750
"associated",0,1,0.000,1.000,0.250,0.750
"reporting",0,1,0.000,1.000,0.250,0.750
"scandal",0,1,0.000,1.000,0.250,0.750
"listening",0,1,0.000,1.000,0.250,0.750
"el",0,2,0.000,1.000,0.167,0.833
"salvador",0,2,0.000,1.000,0.167,0.833
"invoke",0,1,0.000,1.000,0.250,0.750
"rivalries",0,1,0.000,1.000,0.250,0.750
"olympic",0,2,0.000,1.000,0.167,0.833
"gold",0,1,0.000,1.000,0.250,0.750
"medalist",0,1,0.000,1.000,0.250,0.750
"evan",0,1,0.000,1.000,0.250,0.750
"lysacek",0,1,0.000,1.000,0.250,0.750
"hero's",0,1,0.000,1.000,0.250,0.750
"welcome",0,1,0.000,1.000,0.250,0.750
"hometown",0,1,0.000,1.000,0.250,0.750
"activists",0,1,0.000,1.000,0.250,0.750
"protest",0,4,0.000,1.000,0.100,0.900
"against",0,5,0.000,1.000,0.083,0.917
"school",0,3,0.000,1.000,0.125,0.875
"americas",0,1,0.000,1.000,0.250,0.750
"macedonia",0,1,0.000,1.000,0.250,0.750
"compromise",0,2,0.000,1.000,0.167,0.833
"greece",0,1,0.000,1.000,0.250,0.750
"dispute",0,1,0.000,1.000,0.250,0.750
"alcatel",0,1,0.000,1.000,0.250,0.750
"chief",0,2,0.000,1.000,0.167,0.833
"paint",0,1,0.000,1.000,0.250,0.750
"rosy",0,1,0.000,1.000,0.250,0.750
"picture",0,1,0.000,1.000,0.250,0.750
"un",0,3,0.000,1.000,0.125,0.875
"official:",0,1,0.000,1.000,0.250,0.750
"dr",0,1,0.000,1.000,0.250,0.750
"congo",0,1,0.000,1.000,0.250,0.750
"rape",0,1,0.000,1.000,0.250,0.750
"capital",0,1,0.000,1.000,0.250,0.750
"world",0,1,0.000,1.000,0.250,0.750
"strikes",0,1,0.000,1.000,0.250,0.750
"medicare",0,1,0.000,1.000,0.250,0.750
"quebec",0,1,0.000,1.000,0.250,0.750
"shadows",0,1,0.000,1.000,0.250,0.750
"violence",0,1,0.000,1.000,0.250,0.750
"cling",0,1,0.000,1.000,0.250,0.750
"politician",0,1,0.000,1.000,0.250,0.750
"cafe",0,1,0.000,1.000,0.250,0.750
"shifting",0,1,0.000,1.000,0.250,0.750
"home",0,3,0.000,1.000,0.125,0.875
"archbishop",0,1,0.000,1.000,0.250,0.750
"abandons",0,1,0.000,1.000,0.250,0.750
"move",0,1,0.000,1.000,0.250,0.750
"jersey",0,2,0.000,1.000,0.167,0.833
"pittsburgh",0,1,0.000,1.000,0.250,0.750
"dominates",0,1,0.000,1.000,0.250,0.750
"diego",0,1,0.000,1.000,0.250,0.750
"reach",0,1,0.000,1.000,0.250,0.750
"a.f.c.",0,1,0.000,1.000,0.250,0.750
"title",0,2,0.000,1.000,0.167,0.833
"speaks",0,1,0.000,1.000,0.250,0.750
"n.a.a.c.p.",0,1,0.000,1.000,0.250,0.750
"celebration",0,1,0.000,1.000,0.250,0.750
"gives",0,1,0.000,1.000,0.250,0.750
"birth",0,1,0.000,1.000,0.250,0.750
"path",0,1,0.000,1.000,0.250,0.750
"train",0,1,0.000,1.000,0.250,0.750
"bid",0,2,0.000,1.000,0.167,0.833
"organize",0,1,0.000,1.000,0.250,0.750
"nurses",0,1,0.000,1.000,0.250,0.750
"setback",0,1,0.000,1.000,0.250,0.750
"congress",0,1,0.000,1.000,0.250,0.750
"red",0,2,0.000,1.000,0.167,0.833
"sox",0,1,0.000,1.000,0.250,0.750
"varitek",0,1,0.000,1.000,0.250,0.750
"agree",0,2,0.000,1.000,0.167,0.833
"1-year",0,1,0.000,1.000,0.250,0.750
"deal",0,1,0.000,1.000,0.250,0.750
"cup:",0,1,0.000,1.000,0.250,0.750
"coordinated",0,1,0.000,1.000,0.250,0.750
"terrorist",0,1,0.000,1.000,0.250,0.750
"attack",0,2,0.000,1.000,0.167,0.833
"beating",0,1,0.000,1.000,0.250,0.750
"harlem",0,1,0.000,1.000,0.250,0.750
"apple",0,3,0.000,1.000,0.125,0.875
"mac",0,1,0.000,1.000,0.250,0.750
"os",0,1,0.000,1.000,0.250,0.750
"x",0,1,0.000,1.000,0.250,0.750
"lion",0,1,0.000,1.000,0.250,0.750
"ios",0,1,0.000,1.000,0.250,0.750
"icloud",0,1,0.000,1.000,0.250,0.750
"louisville",0,1,0.000,1.000,0.250,0.750
"withstands",0,1,0.000,1.000,0.250,0.750
"late",0,1,0.000,1.000,0.250,0.750
"villanova",0,1,0.000,1.000,0.250,0.750
"allow",0,1,0.000,1.000,0.250,0.750
"some",0,3,0.000,1.000,0.125,0.875
"switch",0,1,0.000,1.000,0.250,0.750
"teams",0,1,0.000,1.000,0.250,0.750
"lesbians",0,1,0.000,1.000,0.250,0.750
"lose",0,1,0.000,1.000,0.250,0.750
"high",0,2,0.000,1.000,0.167,0.833
"marriage",0,2,0.000,1.000,0.167,0.833
"ruling",0,1,0.000,1.000,0.250,0.750
"upholds",0,1,0.000,1.000,0.250,0.750
"expulsion",0,1,0.000,1.000,0.250,0.750
"convicted",0,1,0.000,1.000,0.250,0.750
"assault",0,1,0.000,1.000,0.250,0.750
"mathematics",0,1,0.000,1.000,0.250,0.750
"turkey",0,1,0.000,1.000,0.250,0.750
"threatened",0,1,0.000,1.000,0.250,0.750
"authorities",0,1,0.000,1.000,0.250,0.750
"myanmar",0,1,0.000,1.000,0.250,0.750
"case",0,2,0.000,1.000,0.167,0.833
"pro-democracy",0,1,0.000,1.000,0.250,0.750
"rescued",0,1,0.000,1.000,0.250,0.750
"cheney",0,2,0.000,1.000,0.167,0.833
"ovation",0,1,0.000,1.000,0.250,0.750
"shooting",0,1,0.000,1.000,0.250,0.750
"victim",0,1,0.000,1.000,0.250,0.750
"apologizes",0,1,0.000,1.000,0.250,0.750
"develops",0,1,0.000,1.000,0.250,0.750
"anti-virus",0,1,0.000,1.000,0.250,0.750
"product",0,1,0.000,1.000,0.250,0.750
"suffers",0,2,0.000,1.000,0.167,0.833
"heart",0,1,0.000,1.000,0.250,0.750
"cardiology",0,1,0.000,1.000,0.250,0.750
"summit",0,1,0.000,1.000,0.250,0.750
"justin",0,1,0.000,1.000,0.250,0.750
"bieber",0,1,0.000,1.000,0.250,0.750
"publish",0,1,0.000,1.000,0.250,0.750
"memoir",0,1,0.000,1.000,0.250,0.750
"cable",0,1,0.000,1.000,0.250,0.750
"regret",0,1,0.000,1.000,0.250,0.750
"online",0,2,0.000,1.000,0.167,0.833
"unexpected",0,1,0.000,1.000,0.250,0.750
"increase",0,1,0.000,1.000,0.250,0.750
"factory",0,1,0.000,1.000,0.250,0.750
"orders",0,1,0.000,1.000,0.250,0.750
"moldovan",0,1,0.000,1.000,0.250,0.750
"tells",0,1,0.000,1.000,0.250,0.750
"nato",0,1,0.000,1.000,0.250,0.750
"half",0,1,0.000,1.000,0.250,0.750
"million",0,1,0.000,1.000,0.250,0.750
"moldovans",0,1,0.000,1.000,0.250,0.750
"held",0,5,0.000,1.000,0.083,0.917
"hostage",0,1,0.000,1.000,0.250,0.750
"separatist",0,1,0.000,1.000,0.250,0.750
"transnistria",0,1,0.000,1.000,0.250,0.750
"mongolia's",0,1,0.000,1.000,0.250,0.750
"ex-communists",0,1,0.000,1.000,0.250,0.750
"ahead",0,1,0.000,1.000,0.250,0.750
"sunday's",0,1,0.000,1.000,0.250,0.750
"scientists",0,2,0.000,1.000,0.167,0.833
"debate",0,3,0.000,1.000,0.125,0.875
"whether",0,1,0.000,1.000,0.250,0.750
"hurricane",0,1,0.000,1.000,0.250,0.750
"katrina",0,1,0.000,1.000,0.250,0.750
"aggravated",0,1,0.000,1.000,0.250,0.750
"warming",0,1,0.000,1.000,0.250,0.750
"add",0,1,0.000,1.000,0.250,0.750
"700",0,1,0.000,1.000,0.250,0.750
"troops",0,1,0.000,1.000,0.250,0.750
"salmonella",0,1,0.000,1.000,0.250,0.750
"pistachios",0,1,0.000,1.000,0.250,0.750
"spurs",0,1,0.000,1.000,0.250,0.750
"recall",0,1,0.000,1.000,0.250,0.750
"nokia",0,1,0.000,1.000,0.250,0.750
"launches",0,1,0.000,1.000,0.250,0.750
"store",0,1,0.000,1.000,0.250,0.750
"euro",0,2,0.000,1.000,0.167,0.833
"2008:",0,1,0.000,1.000,0.250,0.750
"baszczykowski",0,1,0.000,1.000,0.250,0.750
"injury",0,1,0.000,1.000,0.250,0.750
"damages",0,1,0.000,1.000,0.250,0.750
"poland's",0,1,0.000,1.000,0.250,0.750
"hopes",0,1,0.000,1.000,0.250,0.750
"community",0,1,0.000,1.000,0.250,0.750
"forum",0,1,0.000,1.000,0.250,0.750
"attacks",0,1,0.000,1.000,0.250,0.750
"mormon",0,1,0.000,1.000,0.250,0.750
"teens",0,1,0.000,1.000,0.250,0.750
"arizona",0,1,0.000,1.000,0.250,0.750
"hitler",0,1,0.000,1.000,0.250,0.750
"doll",0,1,0.000,1.000,0.250,0.750
"story",0,1,0.000,1.000,0.250,0.750
"hoaxed",0,1,0.000,1.000,0.250,0.750
"toronto",0,3,0.000,1.000,0.125,0.875
"pursues",0,1,0.000,1.000,0.250,0.750
"legal",0,1,0.000,1.000,0.250,0.750
"action",0,1,0.000,1.000,0.250,0.750
"mayor",0,1,0.000,1.000,0.250,0.750
"japanese",0,2,0.000,1.000,0.167,0.833
"riot",0,1,0.000,1.000,0.250,0.750
"deployed",0,1,0.000,1.000,0.250,0.750
"consulates",0,1,0.000,1.000,0.250,0.750
"mets",0,2,0.000,1.000,0.167,0.833
"optimism",0,1,0.000,1.000,0.250,0.750
"building",0,1,0.000,1.000,0.250,0.750
"barcelona",0,1,0.000,1.000,0.250,0.750
"damaged",0,1,0.000,1.000,0.250,0.750
"explosion",0,1,0.000,1.000,0.250,0.750
"radiation",0,1,0.000,1.000,0.250,0.750
"ex-spy",0,1,0.000,1.000,0.250,0.750
"alexander",0,1,0.000,1.000,0.250,0.750
"litvinenko",0,1,0.000,1.000,0.250,0.750
"caterpillars",0,1,0.000,1.000,0.250,0.750
"temporary",0,1,0.000,1.000,0.250,0.750
"closure",0,2,0.000,1.000,0.167,0.833
"wisconsin",0,1,0.000,1.000,0.250,0.750
"state",0,2,0.000,1.000,0.167,0.833
"guinea",0,1,0.000,1.000,0.250,0.750
"arrests",0,2,0.000,1.000,0.167,0.833
"soldiers",0,1,0.000,1.000,0.250,0.750
"connection",0,1,0.000,1.000,0.250,0.750
"attempted",0,1,0.000,1.000,0.250,0.750
"assassination",0,1,0.000,1.000,0.250,0.750
"ioc",0,1,0.000,1.000,0.250,0.750
"lifts",0,1,0.000,1.000,0.250,0.750
"iraqi",0,1,0.000,1.000,0.250,0.750
"athletes",0,1,0.000,1.000,0.250,0.750
"participating",0,1,0.000,1.000,0.250,0.750
"beijing",0,2,0.000,1.000,0.167,0.833
"olympics",0,1,0.000,1.000,0.250,0.750
"deadly",0,1,0.000,1.000,0.250,0.750
"dayton",0,1,0.000,1.000,0.250,0.750
"ohio",0,1,0.000,1.000,0.250,0.750
"air",0,2,0.000,1.000,0.167,0.833
"killings",0,2,0.000,1.000,0.167,0.833
"computer",0,2,0.000,1.000,0.167,0.833
"professionals",0,1,0.000,1.000,0.250,0.750
"celebrate",0,1,0.000,1.000,0.250,0.750
"10th",0,1,0.000,1.000,0.250,0.750
"a.l.i.c.e.",0,1,0.000,1.000,0.250,0.750
":",0,1,0.000,1.000,0.250,0.750
"policy",0,1,0.000,1.000,0.250,0.750
"renewable",0,1,0.000,1.000,0.250,0.750
"launched",0,1,0.000,1.000,0.250,0.750
"newspaper",0,1,0.000,1.000,0.250,0.750
"ads",0,2,0.000,1.000,0.167,0.833
"expected",0,2,0.000,1.000,0.167,0.833
"30%",0,1,0.000,1.000,0.250,0.750
"drop",0,1,0.000,1.000,0.250,0.750
"uk",0,2,0.000,1.000,0.167,0.833
"discover",0,1,0.000,1.000,0.250,0.750
"multiple",0,1,0.000,1.000,0.250,0.750
"antibiotics",0,1,0.000,1.000,0.250,0.750
"used",0,1,0.000,1.000,0.250,0.750
"fungus-farming",0,1,0.000,1.000,0.250,0.750
"ants",0,1,0.000,1.000,0.250,0.750
"protect",0,1,0.000,1.000,0.250,0.750
"colonies",0,1,0.000,1.000,0.250,0.750
"shuttle",0,1,0.000,1.000,0.250,0.750
"discovery",0,1,0.000,1.000,0.250,0.750
"delayed",0,1,0.000,1.000,0.250,0.750
"largest",0,1,0.000,1.000,0.250,0.750
"known",0,1,0.000,1.000,0.250,0.750
"prime",0,2,0.000,1.000,0.167,0.833
"numbers",0,1,0.000,1.000,0.250,0.750
"discovered",0,1,0.000,1.000,0.250,0.750
"apart",0,1,0.000,1.000,0.250,0.750
"qualifies",0,1,0.000,1.000,0.250,0.750
"$100k",0,1,0.000,1.000,0.250,0.750
"prize",0,1,0.000,1.000,0.250,0.750
"suburb",0,1,0.000,1.000,0.250,0.750
"vibrant",0,1,0.000,1.000,0.250,0.750
"strings",0,1,0.000,1.000,0.250,0.750
"weapons",0,2,0.000,1.000,0.167,0.833
"faslane",0,1,0.000,1.000,0.250,0.750
"leads",0,1,0.000,1.000,0.250,0.750
"47",0,1,0.000,1.000,0.250,0.750
"vice",0,1,0.000,1.000,0.250,0.750
"biden",0,1,0.000,1.000,0.250,0.750
"sanctions",0,1,0.000,1.000,0.250,0.750
"likely",0,1,0.000,1.000,0.250,0.750
"may",0,2,0.000,1.000,0.167,0.833
"f.b.i.",0,2,0.000,1.000,0.167,0.833
"lab",0,1,0.000,1.000,0.250,0.750
"houses",0,1,0.000,1.000,0.250,0.750
"growing",0,1,0.000,1.000,0.250,0.750
"database",0,1,0.000,1.000,0.250,0.750
"dna",0,2,0.000,1.000,0.167,0.833
"profiles",0,1,0.000,1.000,0.250,0.750
"strong",0,1,0.000,1.000,0.250,0.750
"india",0,1,0.000,1.000,0.250,0.750
"elizabeth",0,1,0.000,1.000,0.250,0.750
"ii",0,1,0.000,1.000,0.250,0.750
"annuls",0,1,0.000,1.000,0.250,0.750
"fred",0,1,0.000,1.000,0.250,0.750
"goodwin",0,1,0.000,1.000,0.250,0.750
"knighthood",0,1,0.000,1.000,0.250,0.750
"anti-tax",0,1,0.000,1.000,0.250,0.750
"tea",0,1,0.000,1.000,0.250,0.750
"parties",0,1,0.000,1.000,0.250,0.750
"usa",0,1,0.000,1.000,0.250,0.750
"e.p.a.",0,1,0.000,1.000,0.250,0.750
"regulate",0,1,0.000,1.000,0.250,0.750
"carbon",0,1,0.000,1.000,0.250,0.750
"dioxide",0,1,0.000,1.000,0.250,0.750
"heat-trapping",0,1,0.000,1.000,0.250,0.750
"gases",0,1,0.000,1.000,0.250,0.750
"g.o.p.",0,2,0.000,1.000,0.167,0.833
"utah",0,3,0.000,1.000,0.125,0.875
"kers",0,1,0.000,1.000,0.250,0.750
"formula",0,2,0.000,1.000,0.167,0.833
"boost",0,1,0.000,1.000,0.250,0.750
"backfire?",0,1,0.000,1.000,0.250,0.750
"chinese",0,1,0.000,1.000,0.250,0.750
"exports",0,1,0.000,1.000,0.250,0.750
"22.6%",0,1,0.000,1.000,0.250,0.750
"officials",0,1,0.000,1.000,0.250,0.750
"migrant",0,1,0.000,1.000,0.250,0.750
"calais",0,1,0.000,1.000,0.250,0.750
"directv",0,1,0.000,1.000,0.250,0.750
"tunes",0,1,0.000,1.000,0.250,0.750
"trio",0,1,0.000,1.000,0.250,0.750
"network",0,1,0.000,1.000,0.250,0.750
"limbo",0,1,0.000,1.000,0.250,0.750
"somali",0,1,0.000,1.000,0.250,0.750
"radio",0,1,0.000,1.000,0.250,0.750
"stations",0,1,0.000,1.000,0.250,0.750
"stopped",0,1,0.000,1.000,0.250,0.750
"playing",0,1,0.000,1.000,0.250,0.750
"militants",0,2,0.000,1.000,0.167,0.833
"presidential",0,2,0.000,1.000,0.167,0.833
"gene",0,1,0.000,1.000,0.250,0.750
"amondson",0,1,0.000,1.000,0.250,0.750
"stroke",0,2,0.000,1.000,0.167,0.833
"tour",0,3,0.000,1.000,0.125,0.875
"de",0,2,0.000,1.000,0.167,0.833
"taispo",0,1,0.000,1.000,0.250,0.750
"cycle:",0,1,0.000,1.000,0.250,0.750
"3-in-1",0,1,0.000,1.000,0.250,0.750
"preview",0,1,0.000,1.000,0.250,0.750
"flooding",0,1,0.000,1.000,0.250,0.750
"91",0,1,0.000,1.000,0.250,0.750
"sandy",0,1,0.000,1.000,0.250,0.750
"strip",0,1,0.000,1.000,0.250,0.750
"tales",0,1,0.000,1.000,0.250,0.750
"suffering",0,2,0.000,1.000,0.167,0.833
"traps",0,1,0.000,1.000,0.250,0.750
"thousands",0,3,0.000,1.000,0.125,0.875
"forgoing",0,1,0.000,1.000,0.250,0.750
"misadventures",0,1,0.000,1.000,0.250,0.750
"quietly",0,1,0.000,1.000,0.250,0.750
"instead",0,1,0.000,1.000,0.250,0.750
"warns",0,2,0.000,1.000,0.167,0.833
"israeli",0,4,0.000,1.000,0.100,0.900
"invasion",0,1,0.000,1.000,0.250,0.750
"uninvited",0,1,0.000,1.000,0.250,0.750
"passes",0,1,0.000,1.000,0.250,0.750
"checkpoint",0,1,0.000,1.000,0.250,0.750
"crashes",0,2,0.000,1.000,0.167,0.833
"dinner",0,1,0.000,1.000,0.250,0.750
"raised",0,2,0.000,1.000,0.167,0.833
"mccain's",0,1,0.000,1.000,0.250,0.750
"choice",0,1,0.000,1.000,0.250,0.750
"palin",0,1,0.000,1.000,0.250,0.750
"aides",0,1,0.000,1.000,0.250,0.750
"insist",0,1,0.000,1.000,0.250,0.750
"thorough",0,1,0.000,1.000,0.250,0.750
"vetting",0,1,0.000,1.000,0.250,0.750
"process",0,1,0.000,1.000,0.250,0.750
"lange",0,1,0.000,1.000,0.250,0.750
"zealand",0,1,0.000,1.000,0.250,0.750
"minister",0,1,0.000,1.000,0.250,0.750
"63",0,1,0.000,1.000,0.250,0.750
"alesis",0,1,0.000,1.000,0.250,0.750
"tapelink",0,1,0.000,1.000,0.250,0.750
"moves",0,1,0.000,1.000,0.250,0.750
"songs",0,1,0.000,1.000,0.250,0.750
"cassette",0,1,0.000,1.000,0.250,0.750
"cd",0,1,0.000,1.000,0.250,0.750
"citigroup",0,1,0.000,1.000,0.250,0.750
"shakes",0,1,0.000,1.000,0.250,0.750
"management",0,1,0.000,1.000,0.250,0.750
"artist",0,1,0.000,1.000,0.250,0.750
"defies",0,1,0.000,1.000,0.250,0.750
"web",0,2,0.000,1.000,0.167,0.833
"censors",0,1,0.000,1.000,0.250,0.750
"rebuke",0,1,0.000,1.000,0.250,0.750
"china",0,1,0.000,1.000,0.250,0.750
"blackberry",0,1,0.000,1.000,0.250,0.750
"maker",0,1,0.000,1.000,0.250,0.750
"forecasts",0,1,0.000,1.000,0.250,0.750
"disappointing",0,1,0.000,1.000,0.250,0.750
"vermont",0,1,0.000,1.000,0.250,0.750
"senate",0,1,0.000,1.000,0.250,0.750
"panel",0,1,0.000,1.000,0.250,0.750
"same-sex",0,1,0.000,1.000,0.250,0.750
"bush",0,1,0.000,1.000,0.250,0.750
"visits",0,1,0.000,1.000,0.250,0.750
"stars",0,1,0.000,1.000,0.250,0.750
"aishwarya",0,1,0.000,1.000,0.250,0.750
"rai",0,1,0.000,1.000,0.250,0.750
"abhishek",0,1,0.000,1.000,0.250,0.750
"bachchan",0,1,0.000,1.000,0.250,0.750
"must",0,1,0.000,1.000,0.250,0.750
"investigate",0,1,0.000,1.000,0.250,0.750
"abductions",0,1,0.000,1.000,0.250,0.750
"journalists",0,1,0.000,1.000,0.250,0.750
"swedish",0,1,0.000,1.000,0.250,0.750
"foreign",0,1,0.000,1.000,0.250,0.750
"ministers",0,1,0.000,1.000,0.250,0.750
"standpoint",0,1,0.000,1.000,0.250,0.750
"subtle",0,1,0.000,1.000,0.250,0.750
"less",0,1,0.000,1.000,0.250,0.750
"grace",0,1,0.000,1.000,0.250,0.750
"magazine",0,1,0.000,1.000,0.250,0.750
"flexibility",0,1,0.000,1.000,0.250,0.750
"labels",0,1,0.000,1.000,0.250,0.750
"start-ups",0,1,0.000,1.000,0.250,0.750
"thrive",0,1,0.000,1.000,0.250,0.750
"sees",0,1,0.000,1.000,0.250,0.750
"smaller",0,1,0.000,1.000,0.250,0.750
"g.m.",0,3,0.000,1.000,0.125,0.875
"future",0,1,0.000,1.000,0.250,0.750
"control",0,1,0.000,1.000,0.250,0.750
"series",0,1,0.000,1.000,0.250,0.750
"rangers",0,1,0.000,1.000,0.250,0.750
"struggle",0,1,0.000,1.000,0.250,0.750
"contain",0,1,0.000,1.000,0.250,0.750
"avery",0,1,0.000,1.000,0.250,0.750
"parched",0,1,0.000,1.000,0.250,0.750
"worries",0,1,0.000,1.000,0.250,0.750
"economy",0,1,0.000,1.000,0.250,0.750
"grow",0,1,0.000,1.000,0.250,0.750
"die",0,1,0.000,1.000,0.250,0.750
"philippine",0,1,0.000,1.000,0.250,0.750
"ferry",0,1,0.000,1.000,0.250,0.750
"attend",0,1,0.000,1.000,0.250,0.750
"anti-war",0,1,0.000,1.000,0.250,0.750
"protests",0,2,0.000,1.000,0.167,0.833
"glasgow",0,1,0.000,1.000,0.250,0.750
"a.m.d.",0,1,0.000,1.000,0.250,0.750
"reports",0,1,0.000,1.000,0.250,0.750
"narrower",0,1,0.000,1.000,0.250,0.750
"loss",0,2,0.000,1.000,0.167,0.833
"chess",0,1,0.000,1.000,0.250,0.750
"champion",0,1,0.000,1.000,0.250,0.750
"fritzed",0,1,0.000,1.000,0.250,0.750
"returned",0,1,0.000,1.000,0.250,0.750
"consider",0,1,0.000,1.000,0.250,0.750
"fta",0,1,0.000,1.000,0.250,0.750
"amendment",0,1,0.000,1.000,0.250,0.750
"scientist",0,1,0.000,1.000,0.250,0.750
"he",0,1,0.000,1.000,0.250,0.750
"predicted",0,1,0.000,1.000,0.250,0.750
"ignored",0,1,0.000,1.000,0.250,0.750
"plate",0,1,0.000,1.000,0.250,0.750
"speaking",0,1,0.000,1.000,0.250,0.750
"driver",0,1,0.000,1.000,0.250,0.750
"state?",0,1,0.000,1.000,0.250,0.750
"algerian",0,1,0.000,1.000,0.250,0.750
"teen",0,1,0.000,1.000,0.250,0.750
"falls",0,1,0.000,1.000,0.250,0.750
"mecca;",0,1,0.000,1.000,0.250,0.750
"rape",0,1,0.000,1.000,0.250,0.750
"suspected",0,1,0.000,1.000,0.250,0.750
"european",0,2,0.000,1.000,0.167,0.833
"shares",0,1,0.000,1.000,0.250,0.750
"mixed",0,1,0.000,1.000,0.250,0.750
"mi5",0,1,0.000,1.000,0.250,0.750
"critical",0,1,0.000,1.000,0.250,0.750
"h5n1",0,1,0.000,1.000,0.250,0.750
"avian",0,1,0.000,1.000,0.250,0.750
"virus",0,1,0.000,1.000,0.250,0.750
"mutated",0,1,0.000,1.000,0.250,0.750
"northern",0,1,0.000,1.000,0.250,0.750
"ireland",0,1,0.000,1.000,0.250,0.750
"loyalist",0,1,0.000,1.000,0.250,0.750
"lays",0,1,0.000,1.000,0.250,0.750
"arms",0,1,0.000,1.000,0.250,0.750
"rain",0,1,0.000,1.000,0.250,0.750
"dustin",0,1,0.000,1.000,0.250,0.750
"johnson",0,1,0.000,1.000,0.250,0.750
"pebble",0,1,0.000,1.000,0.250,0.750
"beach",0,1,0.000,1.000,0.250,0.750
"race",0,2,0.000,1.000,0.167,0.833
"lost",0,1,0.000,1.000,0.250,0.750
"shoe",0,1,0.000,1.000,0.250,0.750
"penn",0,1,0.000,1.000,0.250,0.750
"relays",0,1,0.000,1.000,0.250,0.750
"welfare",0,1,0.000,1.000,0.250,0.750
"prosecutes",0,1,0.000,1.000,0.250,0.750
"threw",0,1,0.000,1.000,0.250,0.750
"bin",0,2,0.000,1.000,0.167,0.833
"melbourne",0,1,0.000,1.000,0.250,0.750
"victory",0,1,0.000,1.000,0.250,0.750
"perth",0,1,0.000,1.000,0.250,0.750
"glory",0,1,0.000,1.000,0.250,0.750
"survivor",0,1,0.000,1.000,0.250,0.750
"both",0,1,0.000,1.000,0.250,0.750
"hiroshima",0,1,0.000,1.000,0.250,0.750
"nagasaki",0,1,0.000,1.000,0.250,0.750
"atomic",0,1,0.000,1.000,0.250,0.750
"bombings",0,1,0.000,1.000,0.250,0.750
"aged",0,2,0.000,1.000,0.167,0.833
"haitian",0,1,0.000,1.000,0.250,0.750
"supreme",0,1,0.000,1.000,0.250,0.750
"simeus",0,1,0.000,1.000,0.250,0.750
"eligible",0,1,0.000,1.000,0.250,0.750
"jihadis",0,1,0.000,1.000,0.250,0.750
"insurgents",0,1,0.000,1.000,0.250,0.750
"expand",0,2,0.000,1.000,0.167,0.833
"increasingly",0,1,0.000,1.000,0.250,0.750
"sophisticated",0,1,0.000,1.000,0.250,0.750
"homemade",0,1,0.000,1.000,0.250,0.750
"bombs",0,1,0.000,1.000,0.250,0.750
"philanthropist",0,1,0.000,1.000,0.250,0.750
"brooke",0,1,0.000,1.000,0.250,0.750
"astor",0,1,0.000,1.000,0.250,0.750
"105",0,1,0.000,1.000,0.250,0.750
"policeman",0,1,0.000,1.000,0.250,0.750
"g20",0,1,0.000,1.000,0.250,0.750
"unveils",0,1,0.000,1.000,0.250,0.750
"macbook",0,1,0.000,1.000,0.250,0.750
"laptops",0,1,0.000,1.000,0.250,0.750
"ilife",0,1,0.000,1.000,0.250,0.750
"suite",0,1,0.000,1.000,0.250,0.750
"already",0,1,0.000,1.000,0.250,0.750
"brace",0,1,0.000,1.000,0.250,0.750
"woes",0,1,0.000,1.000,0.250,0.750
"running",0,1,0.000,1.000,0.250,0.750
"legendary",0,1,0.000,1.000,0.250,0.750
"silverstone",0,1,0.000,1.000,0.250,0.750
"track",0,1,0.000,1.000,0.250,0.750
"uncertain",0,1,0.000,1.000,0.250,0.750
"golf",0,1,0.000,1.000,0.250,0.750
"thriving",0,1,0.000,1.000,0.250,0.750
"orleans",0,1,0.000,1.000,0.250,0.750
"pm",0,2,0.000,1.000,0.167,0.833
"sharon",0,1,0.000,1.000,0.250,0.750
"mild",0,1,0.000,1.000,0.250,0.750
"planet",0,1,0.000,1.000,0.250,0.750
"habitable",0,1,0.000,1.000,0.250,0.750
"zone",0,1,0.000,1.000,0.250,0.750
"imperial",0,1,0.000,1.000,0.250,0.750
"tobacco",0,1,0.000,1.000,0.250,0.750
"2000",0,1,0.000,1.000,0.250,0.750
"settle",0,1,0.000,1.000,0.250,0.750
"ronaldo-messi",0,1,0.000,1.000,0.250,0.750
"spread",0,1,0.000,1.000,0.250,0.750
"kandahar",0,1,0.000,1.000,0.250,0.750
"qur'an",0,1,0.000,1.000,0.250,0.750
"burning",0,1,0.000,1.000,0.250,0.750
"drunken",0,1,0.000,1.000,0.250,0.750
"passenger",0,1,0.000,1.000,0.250,0.750
"triggers",0,1,0.000,1.000,0.250,0.750
"uk-dominican",0,1,0.000,1.000,0.250,0.750
"republic",0,1,0.000,1.000,0.250,0.750
"flight's",0,1,0.000,1.000,0.250,0.750
"diversion",0,1,0.000,1.000,0.250,0.750
"bermuda",0,1,0.000,1.000,0.250,0.750
"nearly",0,1,0.000,1.000,0.250,0.750
"base",0,1,0.000,1.000,0.250,0.750
"fewer",0,1,0.000,1.000,0.250,0.750
"letters",0,1,0.000,1.000,0.250,0.750
"mailbox",0,1,0.000,1.000,0.250,0.750
"indonesian",0,1,0.000,1.000,0.250,0.750
"volcano",0,1,0.000,1.000,0.250,0.750
"eruption",0,1,0.000,1.000,0.250,0.750
"evacuate",0,1,0.000,1.000,0.250,0.750
"snowboarders",0,1,0.000,1.000,0.250,0.750
"qualifying",0,1,0.000,1.000,0.250,0.750
"slippery",0,1,0.000,1.000,0.250,0.750
"slope",0,1,0.000,1.000,0.250,0.750
"palestinian",0,1,0.000,1.000,0.250,0.750
"donates",0,1,0.000,1.000,0.250,0.750
"organs",0,1,0.000,1.000,0.250,0.750
"patients",0,1,0.000,1.000,0.250,0.750
"staff",0,1,0.000,1.000,0.250,0.750
"bolivia",0,1,0.000,1.000,0.250,0.750
"barnes",0,1,0.000,1.000,0.250,0.750
"&",0,1,0.000,1.000,0.250,0.750
"noble",0,1,0.000,1.000,0.250,0.750
"earnings",0,1,0.000,1.000,0.250,0.750
"estimates",0,1,0.000,1.000,0.250,0.750
"olmert",0,1,0.000,1.000,0.250,0.750
"step",0,1,0.000,1.000,0.250,0.750
"september",0,1,0.000,1.000,0.250,0.750
"deaths",0,1,0.000,1.000,0.250,0.750
"african",0,1,0.000,1.000,0.250,0.750
"roads",0,1,0.000,1.000,0.250,0.750
"1215",0,1,0.000,1.000,0.250,0.750
"december",0,1,0.000,1.000,0.250,0.750
"2005",0,1,0.000,1.000,0.250,0.750
"divers",0,1,0.000,1.000,0.250,0.750
"bodies",0,1,0.000,1.000,0.250,0.750
"scapa",0,1,0.000,1.000,0.250,0.750
"flow",0,1,0.000,1.000,0.250,0.750
"clemens",0,1,0.000,1.000,0.250,0.750
"denies",0,1,0.000,1.000,0.250,0.750
"significant",0,1,0.000,1.000,0.250,0.750
"mineral",0,1,0.000,1.000,0.250,0.750
"wealth",0,1,0.000,1.000,0.250,0.750
"hiring",0,1,0.000,1.000,0.250,0.750
"isiah",0,1,0.000,1.000,0.250,0.750
"thomas",0,1,0.000,1.000,0.250,0.750
"angers",0,1,0.000,1.000,0.250,0.750
"f.i.u.",0,1,0.000,1.000,0.250,0.750
"faculty",0,1,0.000,1.000,0.250,0.750
"members",0,1,0.000,1.000,0.250,0.750
"gardner",0,1,0.000,1.000,0.250,0.750
"pleads",0,1,0.000,1.000,0.250,0.750
"chelsea",0,1,0.000,1.000,0.250,0.750
"king",0,1,0.000,1.000,0.250,0.750
"france:",0,1,0.000,1.000,0.250,0.750
"daniele",0,1,0.000,1.000,0.250,0.750
"bennati",0,1,0.000,1.000,0.250,0.750
"ibrahim",0,1,0.000,1.000,0.250,0.750
"ferrer",0,1,0.000,1.000,0.250,0.750
"cuban",0,1,0.000,1.000,0.250,0.750
"78",0,1,0.000,1.000,0.250,0.750
"post-mortem",0,1,0.000,1.000,0.250,0.750
"examination",0,1,0.000,1.000,0.250,0.750
"reveals",0,1,0.000,1.000,0.250,0.750
"stephen",0,1,0.000,1.000,0.250,0.750
"gately",0,1,0.000,1.000,0.250,0.750
"natural",0,1,0.000,1.000,0.250,0.750
"causes",0,1,0.000,1.000,0.250,0.750
"hser",0,1,0.000,1.000,0.250,0.750
"nar",0,1,0.000,1.000,0.250,0.750
"moo",0,1,0.000,1.000,0.250,0.750
"scuderi",0,1,0.000,1.000,0.250,0.750
"unlikely",0,1,0.000,1.000,0.250,0.750
"emerges",0,1,0.000,1.000,0.250,0.750
"penguins",0,1,0.000,1.000,0.250,0.750
"stabbing",0,1,0.000,1.000,0.250,0.750
"massachusetts",0,1,0.000,1.000,0.250,0.750
"leaves",0,1,0.000,1.000,0.250,0.750
"union",0,2,0.000,1.000,0.167,0.833
"fund",0,1,0.000,1.000,0.250,0.750
"scheme",0,1,0.000,1.000,0.250,0.750
"reduce",0,1,0.000,1.000,0.250,0.750
"aircraft",0,1,0.000,1.000,0.250,0.750
"emissions",0,1,0.000,1.000,0.250,0.750
"noise",0,1,0.000,1.000,0.250,0.750
"pollution",0,1,0.000,1.000,0.250,0.750
"states",0,1,0.000,1.000,0.250,0.750
"vastly",0,1,0.000,1.000,0.250,0.750
"databases",0,1,0.000,1.000,0.250,0.750
"leipheimer",0,1,0.000,1.000,0.250,0.750
"third",0,1,0.000,1.000,0.250,0.750
"consecutive",0,1,0.000,1.000,0.250,0.750
"transit",0,1,0.000,1.000,0.250,0.750
"threatens",0,1,0.000,1.000,0.250,0.750
"strike",0,1,0.000,1.000,0.250,0.750
"monday",0,1,0.000,1.000,0.250,0.750
"boeing",0,1,0.000,1.000,0.250,0.750
"expects",0,1,0.000,1.000,0.250,0.750
"fitting",0,1,0.000,1.000,0.250,0.750
"honor",0,1,0.000,1.000,0.250,0.750
"mentor",0,1,0.000,1.000,0.250,0.750
"ashe",0,1,0.000,1.000,0.250,0.750
"gibson",0,1,0.000,1.000,0.250,0.750
"empty",0,1,0.000,1.000,0.250,0.750
"tents",0,1,0.000,1.000,0.250,0.750
"open",0,2,0.000,1.000,0.167,0.833
"signal",0,1,0.000,1.000,0.250,0.750
"decline",0,1,0.000,1.000,0.250,0.750
"corporate",0,1,0.000,1.000,0.250,0.750
"spending",0,1,0.000,1.000,0.250,0.750
"serbian",0,1,0.000,1.000,0.250,0.750
"goal",0,1,0.000,1.000,0.250,0.750
"keeper",0,1,0.000,1.000,0.250,0.750
"debuts",0,1,0.000,1.000,0.250,0.750
"croatian",0,1,0.000,1.000,0.250,0.750
"club",0,1,0.000,1.000,0.250,0.750
"rijeka",0,1,0.000,1.000,0.250,0.750
"alleges",0,1,0.000,1.000,0.250,0.750
"prison",0,1,0.000,1.000,0.250,0.750
"ships",0,1,0.000,1.000,0.250,0.750
"lankan",0,1,0.000,1.000,0.250,0.750
"nears",0,1,0.000,1.000,0.250,0.750
"end",0,1,0.000,1.000,0.250,0.750
"peace",0,1,0.000,1.000,0.250,0.750
"distant",0,1,0.000,1.000,0.250,0.750
"arrested",0,1,0.000,1.000,0.250,0.750
"prostitution",0,1,0.000,1.000,0.250,0.750
"sting",0,1,0.000,1.000,0.250,0.750
"ellen",0,1,0.000,1.000,0.250,0.750
"m.",0,1,0.000,1.000,0.250,0.750
"iseman:",0,1,0.000,1.000,0.250,0.750
"finding",0,1,0.000,1.000,0.250,0.750
"yankee",0,1,0.000,1.000,0.250,0.750
"stadium",0,1,0.000,1.000,0.250,0.750
"charlie",0,1,0.000,1.000,0.250,0.750
"smoking",0,1,0.000,1.000,0.250,0.750
"chimpanzee",0,1,0.000,1.000,0.250,0.750
"52",0,1,0.000,1.000,0.250,0.750
"second",0,1,0.000,1.000,0.250,0.750
"longtime",0,1,0.000,1.000,0.250,0.750
"director",0,1,0.000,1.000,0.250,0.750
"resigns",0,1,0.000,1.000,0.250,0.750
"america",0,1,0.000,1.000,0.250,0.750
"exits",0,1,0.000,1.000,0.250,0.750
"venture",0,1,0.000,1.000,0.250,0.750
"toyota",0,1,0.000,1.000,0.250,0.750
"xl",0,1,0.000,1.000,0.250,0.750
"leisure",0,1,0.000,1.000,0.250,0.750
"enters",0,1,0.000,1.000,0.250,0.750
"truck",0,1,0.000,1.000,0.250,0.750
"carrying",0,1,0.000,1.000,0.250,0.750
"explosives",0,1,0.000,1.000,0.250,0.750
"explodes",0,1,0.000,1.000,0.250,0.750
"charles",0,1,0.000,1.000,0.250,0.750
"taylor",0,1,0.000,1.000,0.250,0.750
"speak",0,1,0.000,1.000,0.250,0.750
"trial",0,1,0.000,1.000,0.250,0.750
"justice",0,1,0.000,1.000,0.250,0.750
"roberts",0,1,0.000,1.000,0.250,0.750
"lawmakers",0,1,0.000,1.000,0.250,0.750
"stimulus",0,1,0.000,1.000,0.250,0.750
"here?",0,1,0.000,1.000,0.250,0.750
"let",0,1,0.000,1.000,0.250,0.750
"phone",0,1,0.000,1.000,0.250,0.750
"eldest",0,1,0.000,1.000,0.250,0.750
"khadr",0,1,0.000,1.000,0.250,0.750
"denied",0,1,0.000,1.000,0.250,0.750
"bail;",0,1,0.000,1.000,0.250,0.750
"purchased",0,1,0.000,1.000,0.250,0.750
"zimbabwe's",0,1,0.000,1.000,0.250,0.750
"delay",0,1,0.000,1.000,0.250,0.750
"serious",0,1,0.000,1.000,0.250,0.750
"implications",0,1,0.000,1.000,0.250,0.750
"secretary-general",0,1,0.000,1.000,0.250,0.750
"congressman",0,1,0.000,1.000,0.250,0.750
"altmire",0,1,0.000,1.000,0.250,0.750
"sopa",0,1,0.000,1.000,0.250,0.750
"heavy",0,1,0.000,1.000,0.250,0.750
"rains",0,1,0.000,1.000,0.250,0.750
"central",0,1,0.000,1.000,0.250,0.750
"southern",0,1,0.000,1.000,0.250,0.750
"chile",0,1,0.000,1.000,0.250,0.750
"aftershock",0,1,0.000,1.000,0.250,0.750
"takes",0,1,0.000,1.000,0.250,0.750
"place",0,1,0.000,1.000,0.250,0.750
"cnn",0,1,0.000,1.000,0.250,0.750
"typo",0,1,0.000,1.000,0.250,0.750
"mixes",0,1,0.000,1.000,0.250,0.750
"prospective",0,1,0.000,1.000,0.250,0.750
"osama",0,1,0.000,1.000,0.250,0.750
"laden",0,1,0.000,1.000,0.250,0.750
"children's",0,1,0.000,1.000,0.250,0.750
"perception",0,1,0.000,1.000,0.250,0.750
"rainforest",0,1,0.000,1.000,0.250,0.750
"wildlife",0,1,0.000,1.000,0.250,0.750
"naming",0,1,0.000,1.000,0.250,0.750
"curious",0,1,0.000,1.000,0.250,0.750
"matter",0,1,0.000,1.000,0.250,0.750
"jurors",0,1,0.000,1.000,0.250,0.750
"acquit",0,1,0.000,1.000,0.250,0.750
"late-term",0,1,0.000,1.000,0.250,0.750
"ink?",0,1,0.000,1.000,0.250,0.750
"wall",0,1,0.000,1.000,0.250,0.750
"st.",0,1,0.000,1.000,0.250,0.750
"fat",0,1,0.000,1.000,0.250,0.750
"bonuses",0,1,0.000,1.000,0.250,0.750
"ubs",0,1,0.000,1.000,0.250,0.750
"500",0,1,0.000,1.000,0.250,0.750
"$1.8",0,1,0.000,1.000,0.250,0.750
"billion",0,1,0.000,1.000,0.250,0.750
"texas",0,1,0.000,1.000,0.250,0.750
"mexican-born",0,1,0.000,1.000,0.250,0.750
"killer",0,1,0.000,1.000,0.250,0.750
"appeals",0,1,0.000,1.000,0.250,0.750
"defending",0,1,0.000,1.000,0.250,0.750
"skating",0,1,0.000,1.000,0.250,0.750
"germans",0,1,0.000,1.000,0.250,0.750
"pairs",0,1,0.000,1.000,0.250,0.750
"lead",0,1,0.000,1.000,0.250,0.750
